user_id,product_name,price,Qty,Top_Sell_Rank,No_of_Orders,Popularity_Rank
002806361b35a8723d0701412d49178c,TeeMoods Casual Full Sleeve Striped Women's Top,8599,2000,999,1,999
00469a2d06efd8f3bd43eb564323ca82,Bells And Whistles Striped Round Neck Boy's Sweater,170,50,998,1,998
00a60fa9f555b20465187aed498363a9,WearYourShine by PCJ The Helaine Gold Diamond 18 K Ring,5107,1000,997,1,997
0122b4961cac583072f896bbd7deacb5,"BlueStone Sylvan Lattice Yellow Gold Diamond, Pearl 18 K Ring",230,100,996,1,996
01915c5467d18c2947b8744ed7fe9282,Allen Solly Casual Short Sleeve Solid Women's Top,219,38,995,1,995
01c7fc1b8b64a7ebf019231ff8129c5c,Jewlook Neck Tie Men's  Combo,399,80,994,1,994
020f2a550defe635168610d63bd83a0c,BFT 9 W LED Bulb,999,600,993,1,993
0253504b4ddfd5b6e8128eb8fec9cc79,Belle Gambe Winter Boots,339,50,992,1,992
025c2bc0e88388a4a28dd2cd316eb23c,Kaaryah Casual Sleeveless Solid Women's Top,3458.25,25,991,1,991
02ac1837df127093eaa55cf46eea888c,Ridas Apl_led_black Apple Shape Digital Watch  - For Boys,2189,5,990,1,990
031982f42aa5241f8f206a830a3ce562,Taj Pearl Alloy Cuff,699,50,989,1,989
031d17e76c5fdbf2110c0ac77596b9d3,BlueStone The Princess Gold Diamond 18 K Ring,6059,10,988,1,988
039e5688795da63f45186aaec2bdc770,Selfcare Soft & Comfortable Newly Launched Girl's Pyjama,6471,5,987,1,987
0442da3a68e872926e37fcdcba2c6d0d,"Zoop C4040PP03 Digital Watch  - For Boys, Girls",3139,500,986,1,986
048b68e44c549bb4eb31b7bc6869efe3,Yepme Women Flats,470,25,985,1,985
06fcdcb72932c2d210c5d6b32a9a06c7,Selfie Boots,695,300,984,1,984
072840073a0ba1721565a57f35dfd124,Masaba for Magic fairy Girl's Layered Pink Dress,441,50,983,1,983
07303863fcb578096bd6582f72171bdc,Kiara Jewellery Sterling Silver Cubic Zirconia Rhodium Ring,798,300,982,1,982
074a7aec96cc5017099765c7f1df3010,Indcrown Net Embroidered Semi-stitched Lehenga Choli Material,3179,35,981,1,981
074fb99cb624b5b5f0047e8e5772c119,Dumdaar.Com Casual Short Sleeve Self Design Women's Top,3274,150,980,1,980
080a910f874efa5c33da9983345b90b8,Tapyti Casual Full Sleeve Solid Women's Top,7889,9,979,1,979
081484729fc269f0736125feddc96656,Shopaholic Casual 3/4 Sleeve Solid Women's Top,341,2,978,1,978
089669069b5335d295c4fe7ea0f29cf9,Dearfoams Boots,1145,150,977,1,977
089b8b0ca578416877d89b696d093000,Navaksha Necktie Men's  Combo,999,100,976,1,976
08af81fbd940cc39e5446f2a766e2518,"Mynte Solid Women's Cycling Shorts, Gym Shorts, Swim Shorts",995,375,975,1,975
08b1bd85c3efc2d7aa556fd79b073382,Alisha Solid Women's Cycling Shorts,799,6,974,1,974
0927284454969cb720d89403e6296c15,"Kms Ironman_Look_Led_Black11 Digital Watch  - For Men, Women, Girls, Boys",3719,70,973,1,973
0966e1309ae393479c0a165a76da96fc,Steppings Trendy Boots,877.55,200,972,1,972
09a10fcb6cf9ef7e1dac69eeb79cde88,Sheezworld Casual Full Sleeve Self Design Women's Top,1122,200,971,1,971
09c6ad3c20a6e08dffdf9533dd8e0e6a,Addyvero Geometric Print Round Neck Casual Boy's Sweater,168,4,970,1,970
09dc7e105efd17648628886e82eec47a,Betty Girl's Maxi Dress,8139,100,969,1,969
0a9677accadd5e35f32f9bb1d2009ed1,"3wish CUR-BLUE Silver Blue 8023 Analog Watch  - For Boys, Men",39,100,968,1,968
0ab79f58b5690ca9768bcfbcfb66fcee,TeeMoods Casual Full Sleeve Striped Women's Top,8599,1500,967,1,967
0b6b7ffc83e2aa59369c398fb84e2680,Kiara Jewellery Sterling Silver Cubic Zirconia Rhodium Ring,798,6,966,1,966
0b6c294d681f56e59d0ed25c85243688,Carl 3346-1-Cheetablue Boots,7953,100,965,1,965
0b770ca989383dd4454236c06316a3f1,BlueStone The Elettra Yellow Gold Diamond 18 K Ring,128,100,964,1,964
0c36b7f2807f603335bcd068da0886c1,"Sarva Party, Formal, Casual Sleeveless Embellished Women's Top",5159,200,963,1,963
0c8bc3672178ddd3e548bca4a1f2d7fe,Babeezworld Solid Round Neck Boy's Sweater,90,400,962,1,962
0ca4e20d25b546487b303c17dc92c064,Navaksha Necktie Men's  Combo,999,5,961,1,961
0ce3c57c7506f2750ba2955f11fd570d,Forever Fashion Casual Sleeveless Solid Women's Top,595,2,960,1,960
0d0b1f3f37053cdd9a6e0c0ab31ecf14,"Titan 1639SL03 Analog Watch  - For Boys, Men",1389,400,959,1,959
0d966519ace188566921f4a1368b1b65,"Sarva Party, Casual Sleeveless Self Design Women's Top",1590,100,958,1,958
0d9c60d293e0cfcd43871f6e4a8e1ff0,Dressberry Green Synthetic  Clutch,4145,25,957,1,957
0e9f8ac8ea61dc0a89432d0afa5cd327,Akshadha Girl's A-line Dress,149,250,956,1,956
0eae065db79337a1b1a8315e0f794cc7,"Escort E-1700-906_Blk Analog Watch  - For Men, Boys",140,500,955,1,955
0ee9106cbf744e8ca84b9c791348c610,Karatcraft Triniya Promise Gold Diamond 18 K Ring,7778,16,954,1,954
0f01eec8058c33c77d9e8372adcf3684,"Elantra S 10 Analog Watch  - For Boys, Men",6849,10,953,1,953
0f164b5fa1bcb5c877ff00a77ac5bc8a,Tapyti Casual 3/4 Sleeve Solid Women's Top,399,50,952,1,952
0f60591b6013963d76861a9e0666fcdd,Shuz Touch Boots,795,500,951,1,951
0f6a63ed0515ae916f1a7f03501b614f,Get Glamr Designer Uggy Boots,799,25,950,1,950
0f7875df1bd47498cb805e550609a20c,WearYourShine by PCJ The Dawnetta Gold Diamond 18 K Ring,380,250,949,1,949
0f9e78a97d6dfd8e728d2330268a9036,"Felix 3541 W-S METAL Analog Watch  - For Boys, Girls",749,25,948,1,948
0fa053624148f7db29c14be2316f2971,Dungri India Craft Ducjug010-ducgl012-2 Jug Glass Set,1190,120,947,1,947
0fcb823f239976d3cdaba6c529f8e146,Kaaryah Formal Short Sleeve Solid Women's Top,200,25,946,1,946
0fd6b80b7441a603bd0e55b4b9b5474c,Now SP-ETHNIC Analog Watch  - For Boys,4110,5,945,1,945
0ff6f31bc16523bbb6c9ded0d4df32b1,Kennel Rubber Dumbell With Bell - Small Rubber Rubber Toy For Dog,340,5,944,1,944
1106535d13790cb36bd20119748c42cb,Herberto Girl's A-line Dress,90,100,943,1,943
11b52c8a06e4a8659d9859ea7c4ef3df,Life by Shoppers Stop Casual Short Sleeve Applique Women's Top,2394,4,942,1,942
11cb9ddf3f915371d06a1f89b0261d59,TeeMoods Casual Full Sleeve Solid Women's Top,6040,313,941,1,941
11dc2d0df70fb77153416c3f71ac70b3,Pure Source Psi-As-Hanggnrlx Relaxing Liquid Air Freshener,6405,25,940,1,940
11f14c74608686a62d339d55a870757c,WearYourShine by PCJ The Radelle Diamond Gold Diamond Yellow Gold 18 K Ring,380,1000,939,1,939
1260d64797ce0fbae93cd52a3f50fa80,Waves Girl's A-line Dress,100,25,938,1,938
12a6fe698295f33c2579dd4f907b0b21,"Cation Casual Short Sleeve, Sleeveless Solid Women's Top",4966,10,937,1,937
12dc51b5ca8d4a12960f925f3d958d96,J.D.H. 111-222 Boots,3549,1,936,1,936
139e5e5e49541e7c571bbf13a19b806d,Mount Nano MN 110 250 ml Wheel Tire Cleaner,637,110,935,1,935
13d26fc5ce5297c389616308d4baf7ac,Cation Casual Short Sleeve Solid Women's Top,660,6,934,1,934
1454317f0368bb0981b0fc9e4caa0b13,TeeMoods Casual Full Sleeve Striped Women's Top,8599,100,933,1,933
153deb1ee6b284328ccdf1e3b383fbc6,"Mynte Solid Women's Cycling Shorts, Gym Shorts, Swim Shorts",995,2,932,1,932
157f71ddb757a95ddd4c26e6f956b080,Ozel Studio Casual Short Sleeve Solid Women's Top,748,250,931,1,931
15a97ef395b4ca5fba70266b8e572146,Steppings Boots Boots,972,200,930,1,930
15d0c602987fb2266e281f2e8e72e63e,"Skmei DG1010-Black-Gold Sports Digital Watch  - For Men, Boys, Women, Girls",3200,20,929,1,929
15d39e008d5a8b958ac6645f1880f926,Kiara Jewellery Sterling Silver Cubic Zirconia Rhodium Ring,798,2000,928,1,928
1657cc30c438affede6a5060d6847363,FabHomeDecor Fabric Double Sofa Bed,650,6,927,1,927
16da04868b7c1afe3ff04999fdb1ed9b,Petals Girl's Gathered Dress,845,400,926,1,926
1719f144536539ff27ccad29300e3cf5,Cation Casual Short Sleeve Solid Women's Top,660,15,925,1,925
173b3405628ebba02c6a04573eb83232,Twilight Creations Humans 3 Zombiecon Board Game,460,2,924,1,924
175109ca23422b20a26eac4582a49842,Elegance Polyester Multicolor Abstract Eyelet Door Curtain,60,3,923,1,923
1751cc37845e3efda2a96ebd863d68dc,Navaksha Necktie Men's  Combo,999,1,922,1,922
175e9778d434a35cdaf97acba173f117,Crocs Boots,3782,100,921,1,921
179e60eb347e3a67fd3d5292bab1ec24,AKUP without-the-rain Ceramic Mug,3585,30,920,1,920
17ae77be062f06449ed0d19e9ba94cf1,JASPO Thunder Intact Superior Senior Skates Combo (skates+helmet+knee+elbow+bag)suitable for age upto 6 to 14 years Skating Kit,600,350,919,1,919
17dc7762e1acc33f202d1ce14fb7e7e4,Riva Carpets Cotton Free Bath Mat Classic Shag Bathmat-RI-04,350,500,918,1,918
17e61b97c24b6f5764874e119bdde5be,Betty Girl's Maxi Dress,8139,120,917,1,917
17f61b09aa61950ff67405e1dd62dfa6,Itiha Home Liquid Air Freshener,3912,350,916,1,916
1822684cb236b1f3aa6fdaa3b64b1572,Swag 670014 Analog Watch  - For Boys,5059,200,915,1,915
182868ae01667d2828f17efb5c162c5e,Ligans NY Men Formal Black Genuine Leather Belt,8785,10,914,1,914
188131de955323061a90e85116b3abc8,Itiha Home Liquid Air Freshener,3912,250,913,1,913
1883c94a26ec8326fb2cbefeae2df73a,Navaksha Necktie Men's  Combo,999,30,912,1,912
188e83991fcbce9bd430acc3de224dac,Karatcraft Triniya Promise Gold Diamond 18 K Ring,7778,20,911,1,911
18b32d01693dbb3eee1bd9a1abd25eeb,Traditions Printed Protective Men's Gloves,499,100,910,1,910
18bb79a6533af61217d122721505fe2a,FabAlley Casual Full Sleeve Solid Women's Top,600,120,909,1,909
194f83eab4c16ffcef80931b19afd2b2,"Lenco Bdblue Tango Analog Watch  - For Men, Boys",598,25,908,1,908
1a5d472d407be644d54aecbb3d1d6821,MohanJodero Showpiece  -  46 cm,3999,100,907,1,907
1b0a65de31026fce151345cc74db5566,"Mynte Solid Women's Cycling Shorts, Gym Shorts, Swim Shorts",995,30,906,1,906
1b56dfce070cd326d223ba12b9e0e36d,AKUP i-creid-because Ceramic Mug,599,100,905,1,905
1c01b46e0087e69d4eba460f2016ee1e,Magnum Footwear Lifestyle Boots,930,20,904,1,904
1c0d1a3ab95fada6b3ce3fdf80831ad5,CASEDEAL Microsoft Nokia lumia x2 Back Panel,2679,9,903,1,903
1c45d50913c67d0b48ea7335a6138575,YK Self Design Round Neck Casual Boy's Sweater,766,1,902,1,902
1c72b2d521739f98214b55ab76b09e5d,Allen Solly Girl's A-line Dress,8203,25,901,1,901
1ca5f894c9e92af0256b03429a55ba82,Svt Ada Collections Party 3/4 Sleeve Checkered Women's Top,540,100,900,1,900
1cf21dd0e96f9441991496a3f53d240d,Herberto Girl's A-line Dress,90,100,899,1,899
1d30e6d735572ab8d1d336abb42a9e1d,Varanga Casual Short Sleeve Printed Women's Top,5099,5,898,1,898
1d417575fe6e957cd8ef88b255f7a71b,Maggie Party Sleeveless Floral Print Women's Top,540,100,897,1,897
1d6b50dac1e9edb2d6d13452f69a2026,Navaksha Necktie Men's  Combo,999,12,896,1,896
1d836a717fc4151a457028b6e3cd8db5,Navaksha Necktie Men's  Combo,999,4,895,1,895
1da2e7e1689b4770449da46c4b0094f3,Sicons Conditioning Conditoner Dog Shampoo,4091,50,894,1,894
1dd1f051fe5c2ffc839a5366137cb35a,Fantasy Ika Casual 3/4 Sleeve Self Design Women's Top,4685,60,893,1,893
1e274edac45e89a0cc7e605f98d8aafb,Aaliya Festive Full Sleeve Solid Women's Top,8305,25,892,1,892
1e49007d346e1bdecc967e8b43f53134,Aaliya Casual Sleeveless Embellished Women's Top,599,1,891,1,891
1ea032607431e092ac97bf41f711f888,AKUP dad-a-daughters-first-love Ceramic Mug,159,100,890,1,890
1ea3e9cb4bb0256d7de279c48d9b728d,Magnum Footwear Lifestyle Boots,930,100,889,1,889
1f62b0ffdc626128120e023a2a1469ce,Colbrii Casual Full Sleeve Printed Women's Top,6059,100,888,1,888
1fa2320caee267877444f51db3cccf78,Modo Vivendi Casual Short Sleeve Solid Women's Top,399,20,887,1,887
203989c55cebd4cf81dc091c7de794d8,Fundoo T Full Sleeve Solid Men's Sweatshirt,6049,1,886,1,886
205dde2bb9b039d0aef1bbfb525c82b8,Fundoo T Full Sleeve Solid Men's Sweatshirt,6049,140,885,1,885
206979e8b9f6aefc4986467e9cfb71ed,"Oxter Chrono Blue Italia Analog Watch  - For Men, Boys",795,80,884,1,884
210b896e9b29d5fd6c7b630abac4b3b9,AKUP beautiful Ceramic Mug,300,10,883,1,883
21233d052a5b036567c6a9e15c5afee7,Karatcraft Sima Gold Diamond 18 K Ring,2550,50,882,1,882
212a4490ac41f61e6699ee05161ebcc9,Steppings Running Shoes Casuals Shoes,695,2,881,1,881
216df0dca2735ee73dc6e80224366ec5,G-Luck Silver Turquoise NA K Ring,660,10,880,1,880
21ba3043319fe04d539eaa21ffff653f,Zenescope Entertainment Wonderland The Board Game,5760,1,879,1,879
21d8c8f4775a7bd5ff6673d7e0f11e62,Selfcare Soft & Comfortable Newly Launched Girl's Top,5643,3,878,1,878
21fe39156e272683569d9d6a702158a0,Karatcraft Duilla Ruby Gold Diamond 18 K Ring,698,25,877,1,877
21ff84d05102039939091b1cefd7f7cb,Ozel Studio Casual Full Sleeve Printed Women's Top,3877,220,876,1,876
222f6e762de97b724198944436845cc4,Navaksha Necktie Men's  Combo,999,2,875,1,875
223d58d40b4c49db08576109d86ab407,JMD Printed Cushions Cover,3515,4,874,1,874
225a7fb7dd3ff579d3ca7e2227917488,Araanz by Tribhovandas Bhimji Zaveri Delhi Gold Diamond 18K Yellow Gold 18 K Ring,9168,900,873,1,873
22a7b5bb85a2f28b9aed46e6ae3af6fd,BlueStone The Crocio Band Yellow Gold Diamond 14 K Ring,3840,200,872,1,872
22b5ca85fd72f623f0ddf837c30b1329,Kiara Jewellery Sterling Silver Cubic Zirconia Rhodium Ring,798,1500,871,1,871
22d5075b129d75b8d9c6fd4d15fe0d11,Gritstones Solid Women's Track Pants,8960,100,870,1,870
233bb112726d50c8ed29caff17e69ae6,Vermello Men Casual Brown Genuine Leather Belt,1049,5,869,1,869
2359db5743089991edf749205c985a63,Riva Carpets Cotton Free Bath Mat Classic Shag Bathmat-RI-04,350,25,868,1,868
23799ca1690e9232bf0cd1d85e06ae0b,AKUP keep-calm Ceramic Mug,8640,2000,867,1,867
2383bd4efe32991acc6a4543d25d8dfc,"Eleganzza Denim Denim Analog Watch  - For Men, Women, Boys, Girls, Couple",399,8,866,1,866
23a7a8baffcc356414c1d07de17340d9,Aaliya Festive Full Sleeve Self Design Women's Top,350,25,865,1,865
23bbf96f5d9ea22467e54bba687b8c5c,Myesquire Square Pot Aroma Electric Burner Lemongrass Liquid Air Freshener,320,5,864,1,864
23c33a3c0ce9fc3b23b96a70b9b482cc,Karatcraft Zunia Gold Diamond 18 K Ring,850,1,863,1,863
240d93f82e42840d88cf490fe36b32ae,Lovelady Wedding Lingerie Set,4309,5,862,1,862
24125a45093e7f9914e3b13dbdea248b,FabAlley Casual Sleeveless Solid Women's Top,795,100,861,1,861
248e12c49137e6d469d4ff33cd48ed0a,Life by Shoppers Stop Casual Sleeveless Solid Women's Top,6899,8,860,1,860
24e5de545ad40edfc9af03094cd02c21,Karatcraft Klytie Gold Diamond 18 K Ring,4083,80,859,1,859
24f8b80ec44992d15c648feb9f3986be,Fashion Flow+ Women's Leggings,8458,50,858,1,858
25048335235489f26c48e1f501263a47,Rialto Boots,749,20,857,1,857
2525562d37234dad888f2e286ee78af4,Navaksha Necktie Men's  Combo,999,20,856,1,856
2553ad657a92d718d1e9a4fa9c794be6,"Mynte Solid Women's Cycling Shorts, Gym Shorts, Swim Shorts",995,300,855,1,855
256b4754734e4bfa6ea7e0d0183dffa0,Lamy Screen Metalic with Stylus Ball Pen,199,2,854,1,854
2587db4d7458cedc90ed2ce60cec845d,"Mynte Solid Women's Cycling Shorts, Gym Shorts, Swim Shorts",995,400,853,1,853
258a5a0270ba750e489b3b38700264b0,Ausy Casual Short Sleeve Printed Women's Top,7037,110,852,1,852
25af44b3a0becc2ef0ddf530baea78b0,Bellafoz Women Heels,695,30,851,1,851
25d758746708197e778e553ee376c335,Riot Jeans Casual Short Sleeve Printed Women's Top,200,50,850,1,850
25eccba40e2f5d464daebf6b176fb7cb,Rochees RW38 Analog Watch  - For Boys,120,5,849,1,849
2601ac449d28f7df29f721fd5ca7d973,Steppings Trendy Boots,877.55,80,848,1,848
2628e796c1a3ff5872e198298d44438b,Kielz Boots,98,6,847,1,847
26326e67efe840cff534e281f5171366,Blacksoul Casual Short Sleeve Solid Women's Top,489,5,846,1,846
264d5ffb8834115a91f83a900d0cb7b7,Kielz Ladies Boots,964,50,845,1,845
27146cf6e8a28e75c880bf4c5898397d,Trend Arrest Casual 3/4 Sleeve Solid Women's Top,139,5,844,1,844
27338004e6a438e844affc730208478c,HRS CLUB BOY Thigh Pads,289,20,843,1,843
275ac68539f5fc2f471cd14ffe5962c8,Navaksha Necktie Men's  Combo,999,100,842,1,842
279e0829829693e394a242c81a0781d3,WearYourShine by PCJ The Maryse Diamond Gold Diamond Yellow Gold 18 K Ring,897,50,841,1,841
28991c4478e4fa36b42ea996f386b171,Kielz Boots,98,20,840,1,840
28bed5e9ab3759f821e4e445299a3d23,Salt N Pepper 14-664 Denny Black Boots Boots,500,100,839,1,839
29161a1ace4f7e2afc285081113d1d80,Remson India Boots,2500,250,838,1,838
293b85f796aa833ad5109484675512fe,Navaksha Necktie Men's  Combo,999,100,837,1,837
299a19b3bf3f25860783f5a136f90153,Aaliya Casual Sleeveless Solid Women's Top,598,25,836,1,836
29fa9f9fc740fe5c10f63863c101d5c7,Totta Pouch for Sony Xperia M5 Dual,2165,60,835,1,835
2a072128516e758de37c7456525917d5,"Calibro SW-125 Analog-Digital Watch  - For Men, Boys",534,50,834,1,834
2a1a6bbd6637fc64fce652c55cd7ee32,Modo Vivendi Casual Sleeveless Solid Women's Top,949,5,833,1,833
2a2a900c4b9112a0157279e7b0ec43e0,Carrel Printed Women's,5120,20,832,1,832
2a4d052862c31113ad315a8c7690b4c7,Jewels Of Jaipur Gold Ruby Yellow Gold 14 K Ring,3331,5,831,1,831
2adb73b780bdf875e3d62eee2e5d6aba,WearYourShine by PCJ The Sharman Gold Diamond 18 K Ring,266,25,830,1,830
2af9d8c017121c46c8a1c7f24e64ec31,Lee Men's Jeans,3819,100,829,1,829
2b618236892c44f12567a8ef3e699fd4,Dressberry Gold Synthetic  Clutch,875,50,828,1,828
2bb9e5c54e5b83921f9ad395fadd3464,Kiara Jewellery Sterling Silver Swarovski Crystal Yellow Gold Ring,798,400,827,1,827
2c631662f33f3515a1cbaffb1f77bc8a,My Addiction Casual Short Sleeve Printed Women's Top,210,25,826,1,826
2cfbaa80604c06673c2e001924a2ca22,AKUP i-loves-music Ceramic Mug,5540,100,825,1,825
2daf17f6c2cbec0fa14baf4d0f27d45a,C&S Shopping Gallery Women's Leggings,2693,700,824,1,824
2db0f5c4133c17d55e856c0380b5c19a,Zoe Marciano Blue Heavy-duty satin wong fabric  Clutch,207,1500,823,1,823
2dbd2196ed994d2b8811210c916ac5db,"SFDS Casual, Formal, Party Full Sleeve Printed Women's Top",3580,500,822,1,822
2e1bc00c6984a2427ced03d272725ef0,"Rorlig RR-028 Expedition Analog Watch  - For Men, Boys",9600,5,821,1,821
2e6a7fc901f53f4b392cbc998dd3d7ce,Steppings Trendy Boots,877.55,10,820,1,820
2e76d0a10d735fea5a6ffe4ed670738b,Bruno Manetti 676 Boots,108,200,819,1,819
2e8cc870153c6839df58e80375a31fd1,Sassy Stripes Full Sleeve Printed Women's Jacket,5327,350,818,1,818
2ebf7998ab6e7ebb0e0694163bae8c21,Vishudh Printed Women's Straight Kurta,489,10,817,1,817
2eddfd199ec82a1de8f3d81bdb3bc941,D'clair Micromax Canvas Play 4G Q469 Battery Charger,690,600,816,1,816
2f72d51e90690de2a33e2ce91c54242c,Magnum Footwear Lifestyle Boots,930,200,815,1,815
2fc19864cbe964958b2d08b62bce27bc,JMD Printed Cushions Cover,3515,50,814,1,814
2fef6524368ebc653b21551773ca08bb,Varanga Casual Short Sleeve Printed Women's Top,5099,2,813,1,813
2ffd98cb6afb625f4b9e1fb324d67e01,Posto Necktie Men's  Combo,8779,35,812,1,812
304387a718cfde0839caad325bc449ad,IskiUski Medieval Sterling Silver Diamond 22K Yellow Gold Ring,545,20,811,1,811
306bc2d444aa62cd53eb46fdbfd5c6f5,Alisha Solid Women's Cycling Shorts,799,1,810,1,810
306faf7601f67ce2ef5c3c0adff7ae1e,Hariom Enterprises Polypropylene Plastic file cover,807,20,809,1,809
30eeece3e10ca1f4146f9be76e56ca34,Karatcraft Om Gold Diamond 18 K Ring,90,1,808,1,808
31276f37a6400dc48a6bdde70fc6e5b8,Steppings Running Shoes Casuals Shoes,695,100,807,1,807
313a4c342741cdef5becfc4bca98e996,Miss Chase Casual Sleeveless Solid Women's Top,5269,200,806,1,806
313a7446bffb4f2d224f558aed3cd14e,Karatcraft Solitana Gold Diamond 18 K Ring,1170,200,805,1,805
314e75c04f9145a2346a2b4d55167c6b,Catwalk Boots,4399,5,804,1,804
31833f755e3e4a3f2c915349d375f386,Riva Carpets Cotton Free Bath Mat Classic Shag Bathmat-RI-04,350,300,803,1,803
31e4407d21f098bc7f30c9324b2f51b0,MASARA Solid Women's Straight Kurta,6479,400,802,1,802
31e8438d19317dab19ae8a7da2f4e3a6,Zoysia Casual 3/4 Sleeve Solid Women's Top,609,5,801,1,801
32149840861ea15fde298aa536529180,Get Glamr Designer Snowra Boots,1772,200,800,1,800
321f15f131623eb38df2fdce7854babf,Ozel Studio Casual Sleeveless Solid Women's Top,3280,50,799,1,799
32a29985b2cb48c3406e9c3eeee82aec,Foot Candy Boots,180,700,798,1,798
331b48703b671f1e1d34868c7f9e4ef9,Clara Certified Katela 8.3 cts or 9.25 ratti Zoya Sterling Silver Amethyst Ring,120,130,797,1,797
33e5fea75aa4c391430bd038dbb496cb,Schtaron Loafers,296,400,796,1,796
33f2f3ffd442801d218135014369d2d0,Furst USB Adapter with Cable For Mt X (2nd Gen) Battery Charger,2515,5,795,1,795
3409bd322076c4e067fa9d532e709aff,AKUP ur-own-kind Ceramic Mug,249,100,794,1,794
34182fd18026143b996f72b6c3b5dba0,Tapyti Casual Short Sleeve Solid Women's Top,999,5,793,1,793
34e22e36881c15a96f3edcba26e159bf,Mom and Kid Baby Girl's Printed Green Top & Pyjama Set,5691,400,792,1,792
3593c15c9520463b12d935cdb6fa6b54,Steppings Boots Boots,972,200,791,1,791
35bd8422f93cd1ce41bde9dae6c804ca,Shilpkala Casual Sleeveless Self Design Women's Top,199,50,790,1,790
36290a10f3c6aa81136c950e47ee2825,ACM Pouch for Swipe Elite Plus,60,10,789,1,789
367fdc141ec9b8121e770f26d3e77c03,Veelys Shiny White Quad Roller Skates - Size 4.5 UK,245,25,788,1,788
36b9b8d887668441c4510ba49eff9a70,Kielz Boots,98,350,787,1,787
36baf8527ccc40af7211c9a42b786e2d,The Cranberry Club Girl's Gathered Dress,350,120,786,1,786
37169b89339d9712b6ed3357d40b0303,Betty Girl's Maxi Dress,8139,20,785,1,785
372b36bba37afc566d9c0ff9325341a0,TeeMoods Casual Full Sleeve Striped Women's Top,8599,10,784,1,784
373550a03bda915604dfd5f54e8549a9,Yepme Casual Short Sleeve Solid Women's Top,398,500,783,1,783
373cb2380e05da252a093cd2b7632fb0,AKUP happy-thanks-giving Ceramic Mug,.55.00,300,782,1,782
374ef0b2dc86f5f9baf0fb013ab4ab99,Style Foot Bellies,4544,3,781,1,781
376c5be73d634f32f2f3d98a701acafa,"Vizion 8502-7PURPLE Sports Series Digital Watch  - For Boys, Girls",199,1,780,1,780
37a6d02f82ccb7ba4990cd7a3025a7fb,Betty Girl's Maxi Dress,8139,100,779,1,779
38e8f7b2e83f9b4daa8aa6d12c68d4d8,Clara Certified Katela 5.5 cts or 6.25 ratti Elegant Sterling Silver Amethyst Ring,795,10,778,1,778
392f3a14717c70a8ea22c9fd499e4687,Navaksha Necktie Men's  Combo,999,200,777,1,777
39b585d9aa69520a7dbe1a3ae6c3c9ab,MERIL Casual Full Sleeve Printed Women's Top,794,100,776,1,776
39ee77cb6e577ccb9c0cc0cb3b6b6529,"BlueStone The Ziva Yellow Gold Diamond, Emerald 18 K Ring",7750,25,775,1,775
39f2356a950edb17a09132bc40d391a7,Shuz Touch Boots,795,5,774,1,774
3a3bacb6435ea1fa5cd38fac69fe91dc,For Kids Girl's A-line Dress,7358,3,773,1,773
3a76740dded530883d8be731c0f5a2f5,Vishudh Printed Women's Straight Kurta,489,200,772,1,772
3a85d0886356c0ac631fc29a17d00a94,Myesquire White Brown Aroma Burner Combo Lemongrass Liquid Air Freshener,595,50,771,1,771
3aad3525aba2c412d17c861611eedf36,Salt N Pepper 13-455 Pisa Black Boots,500,50,770,1,770
3ac3f213732512d1d11bb73ab3b1900f,Sicons All Purpose Arnica Dog Shampoo,570,5,769,1,769
3aca08cac058de9f5e7f302e6dab3aa6,DJH Boots,7140,30,768,1,768
3ae71850e6902833e636052170f74df3,Navaksha Necktie Men's  Combo,999,50,767,1,767
3b0470a7d83a4bb3aec83a9c4b7e6504,"Mynte Solid Women's Cycling Shorts, Gym Shorts, Swim Shorts",995,100,766,1,766
3b0b24d2d40c6f71fa9e19e51b422607,"Proence Weight Gainers, Mass Gainers",4927,1,765,1,765
3b34f28ec5f24456fa935ef61a0c07b1,TRESemme Naturals Nourishing Moisture Conditioner Aloe Vera And Avocado,399,300,764,1,764
3bad0eb70a98b2bccc5bab2488a69c10,Absurd Full Sleeve Solid Men's Sweatshirt,7999,25,763,1,763
3c20f514209054c9c59b7eaf63e29310,Libas Printed Women's Anarkali Kurta,79,556,762,1,762
3c9907fde1ed2a812b293d76e3fe86fb,NOD Casual Full Sleeve Solid Women's Top,3519,2,761,1,761
3cc3daaefa37089c4997c6a6a7b01a38,Karatcraft Dulce Gold Diamond 18 K Ring,749,100,760,1,760
3cc95eb8103f62204db3136d4014af01,Juelle Casual Sleeveless Solid Women's Top,4959,100,759,1,759
3d378fd22f84b5ebb518e4f48cf5cb59,Navaksha Necktie Men's  Combo,999,12,758,1,758
3d55d1f89da8a2012e055440bc6adb87,United Colors of Benetton Solid Round Neck Casual Women's Sweater,444,3,757,1,757
3dc0d72827f33fdbca0c2ff083423208,KAJCI Embroidered Women's Waistcoat,3089,5,756,1,756
3df3c33bd55ba194e12ea99df7a79538,Ishtaa Gold Cubic Zirconia 18 K Ring,795,30,755,1,755
3e68c35be194dc35077736adcb5136a8,Mangosteen Casual 3/4 Sleeve Printed Women's Top,399,3,754,1,754
3e77cf1d70ba385d1e1c1c13cf7cf780,Fashion Tree Men's Solid Formal Shirt,595,100,753,1,753
3eddf2a12da4c9c08e3faa0a46a5117d,Cation Casual Short Sleeve Solid Women's Top,660,25,752,1,752
3ee57badbf80ee34d97af04d3c41a8f4,First Choice Cotton Embroidered Diwan Set,700,440,751,1,751
3f08fe7f7b90f008a4f7fa3a3c1e21d7,Tapyti Casual Full Sleeve Solid Women's Top,7889,2,750,1,750
3f34db9d899098a02194dc5b1179f5bf,Redbag Eight Armed Goddess Sherawali Maa Showpiece  -  10.8 cm,999,1,749,1,749
3f60affbd7489032380f6593c6e03320,Schwof Party Full Sleeve Solid Women's Top,66,25,748,1,748
3f7004674a1b91eb4cf017292d8c6a1f,Myesquire Black and White Aroma Burner Combo Lemongrass Liquid Air Freshener,2157,50,747,1,747
3f9df56040667c2d042d6db632e23f4a,Skipper Blends Aqua Striped Eyelet Window Curtain,7935,1,746,1,746
3fe36143dca77751b5ef6501c3ffea6e,Clara Certified Katela 6.5 cts or 7.25 ratti Elegant Sterling Silver Amethyst Ring,792,700,745,1,745
40011af7120fd741666fc7b6412126b6,Shilpkala Casual Sleeveless Printed Women's Top,985,100,744,1,744
403713ecd0736a4af9fd7269f2bac42e,"A Avon PK_741 Analog Watch  - For Men, Boys",440,600,743,1,743
407160f07c1acff7ec8de49bdd8abf3a,CurVy Q Casual Butterfly Sleeve Solid Women's Top,1980,25,742,1,742
40de84bb675aebc41bbed08d8f0be02c,ACM Pouch for Intex Aqua Lions 3g,898,1000,741,1,741
40ec92e6765b496ac5379998aef1578a,Miss Chase Casual Sleeveless Solid Women's Top,5269,200,740,1,740
412313991771505f6597d831ec26f580,Vencer Stella 7lyt1011 Digital Watch  - For Boys,479,1,739,1,739
4136a5fd9d4ab7aa355de66da5de3fe7,JDX Plain Bed/Sleeping Pillow,9469,2,738,1,738
4160d9f37c5f3d45230b9f445a3a29fd,Selfie Black Denim Boots,2799,50,737,1,737
4160e1db8557908eb0ac5a5a929b704e,LG MC3286BLT 32 L Convection Microwave Oven,399,5,736,1,736
41654633cce38c8650690f6dbac01fd3,AW Bellies,1042,500,735,1,735
417409081d820642f15f01a06671e028,Selfcare Girl's Top - Pyjama Set,299,3,734,1,734
41e2838a6b9bf520226b21821cbfc7ab,Libas Printed Women's A-line Kurta,663,20,733,1,733
41faad34411bebb0058f6ff917812f61,HRS ULTIMATE BOY Chest Pads,340,1000,732,1,732
41fb0b9765160d0da9b3595292008b93,Kielz Ladies Boots,964,35,731,1,731
429779c8a32d144b0d78497d0ed74084,"ezyPRNT ""RH"" Golf Ball -   Size: 4.26 cm,  Diameter: 4.26 cm",744,200,730,1,730
42d704c08a38e5c6064557c2d0005b25,Tapyti Casual Sleeveless Solid Women's Top,601,15,729,1,729
43436ac51b53d7f1b9ce0a26d7ab319f,G-Luck Silver Turquoise NA K Ring,660,200,728,1,728
4384511c2b28cbb7d6530e734a87ab14,Kielz Ladies Boots,964,200,727,1,727
43a09feced7c4b1bf7b47d7a7ad76908,Megha Casual Short Sleeve Printed Women's Top,745,400,726,1,726
43de0f369a108356996d8cacfea78d6f,Rampwalk Casual Sleeveless Solid Women's Top,990,190,725,1,725
44a125ccd8ff003cac7cde217f93e0ed,"Kool Kidz DMK-003-YL 03 Analog Watch  - For Girls, Boys",259,25,724,1,724
44f2a67857d69fee7f0409fdda9b1842,Furst USB Adapter with Cable For Dzire VC Battery Charger,209,1100,723,1,723
45db7248f884cd7a72cfd69769f1b434,TSG Kelz Boots,574,100,722,1,722
45de5b4e5258c0e131a574d81b9a3ff1,"Casela CAS-W-13 Basic Analog Watch  - For Boys, Girls",821,210,721,1,721
45ee18125b40ad2549e8288f176f86c2,"ezyPRNT ""CV"" Golf Ball -   Size: 4,  Diameter: 4.26 cm",9899,100,720,1,720
46710600b6b058a7c13053dd0e9651ca,Kielz Ladies Boots,964,939,719,1,719
469c0b1a2ae0aba7a5d79418431c53d9,YNA Aviator Sunglasses,8594,120,718,1,718
46d599f6383f10374870be293814b0cd,Salt N Pepper 13-552 Rebacca Almond Boots,300,24,717,1,717
46e07df32e893ad7968653b0679d045b,"Skmei AD1057-Dark-Orange Sports Analog-Digital Watch  - For Men, Boys",3523,1000,716,1,716
46fd584139387acd87ed1ffc7bed2289,Cation Casual 3/4 Sleeve Solid Women's Top,540,400,715,1,715
474650b11949a7e54fd2d372e04a540d,Allen Solly Girl's Gathered Dress,4703,2,714,1,714
475d864ee8b3d9fcab1b9c3b9bd191a5,Rialto Boots,749,1,713,1,713
47a03e01c579c79d24bc62e3826da699,Krasns Couture Formal Sleeveless Solid Women's Top,249,2,712,1,712
47adfa8f7a757ce147f3993ba4f406fa,My Little Joy Casual Short Sleeve Printed Girl's Top,799,25,711,1,711
47bece01b6b0821e02b5efdb67eaee3e,Jaipur Print Cotton Floral King sized Double Bedsheet,5526,3000,710,1,710
47e79e569176735778955062d11630bf,Navaksha Necktie Men's  Combo,999,200,709,1,709
480bbf7e1d5de6953c83d3d65be15eac,FabAlley Casual Sleeveless Printed Women's Top,9280,200,708,1,708
481ee321021b056cf4d8acaaf9f1f12d,Svt Ada Collections Casual Full Sleeve Checkered Women's Top,1065,350,707,1,707
491c1392ba8459be655514a1578248d9,"SFDS Casual, Formal, Party Sleeveless Self Design Women's Top",695,10,706,1,706
4932c8a735c8c72673b69b10eb6394c7,Selfcare Soft & Comfortable Newly Launched Girl's Pyjama,6471,4,705,1,705
4941bb1f448f4d00be75706c62429136,Pick Pocket Embroidered Women's Waistcoat,3595,2,704,1,704
494dfc3a182fa30e0d6a07383cc6241b,Foot Candy Women Heels,981,100,703,1,703
4a2d95da03877781174c7a421196cd7b,Kea Casual Sleeveless Solid Women's Top,251,50,702,1,702
4b00ba9d5f6a358e8fe5bac27fe8c1ed,"SFDS Casual, Formal, Party Sleeveless Self Design Women's Top",695,150,701,1,701
4b483d6f0bad37a0c9f9bda6d31eb61a,"KuberBox Sortil√®ge Pearl Gold Diamond, Pearl 14K White Gold 14 K Ring",4897,100,700,1,700
4b9b290011d6f7bdcd6d2951b5c96d3b,Kielz Ladies Boots,964,2,699,1,699
4c04b9100b5206a0527c66bca2ad5d15,Kielz Ladies Boots,964,20,698,1,698
4c97a0d41662686956197f51a4e86ebd,Vishudh Printed Women's Straight Kurta,489,200,697,1,697
4cd376d4a9a552bb3af18b644108d1e3,"Retaaz Casual, Party, Festive Sleeveless Floral Print Women's Top",1299,200,696,1,696
4cf0f610fc34037ac091d90dd38504d8,Cation Casual 3/4 Sleeve Solid Women's Top,540,30,695,1,695
4d53cc6b0c7bc333f18da2309ba9e1db,"Mynte Solid Women's Cycling Shorts, Gym Shorts, Swim Shorts",995,100,694,1,694
4d782dbb912afae83c7107dd236865c8,Kiara Jewellery Sterling Silver Cubic Zirconia Rhodium Ring,798,9,693,1,693
4d9d9237b5c377031e366af16c41aef1,Gag Wear Casual Short Sleeve Solid Women's Top,4211,200,692,1,692
4e3d8772140f4cfc4abe3e1f0ce09f59,Urban Country Ladies Boots,1639,20,691,1,691
4e4b1709632388965fe41fc179c5c938,Navaksha Necktie Men's  Combo,999,1,690,1,690
4eabf809816214a501040a88f92b2121,FabAlley Casual Short Sleeve Solid Women's Top,701,110,689,1,689
4eec038a508ab728bb886ee0ebc98918,Status Quo Men's Solid Casual Shirt,184,150,688,1,688
4f24e4513187362274c72444633ca407,Gritstones Solid Women's Track Pants,8960,25,687,1,687
4f5809c7e4384803ecb80eb66da73185,TeeMoods Casual Short Sleeve Solid Women's Top,475,200,686,1,686
4f9c57c64cd39fb8becd783f43a8112c,"North Moon IW-005-FK Silicone Ion Digital Watch  - For Boys, Girls, Women",999,2,685,1,685
4fe63b6bd0a0209879b5ee22b230fbb1,JDX Plain Bed/Sleeping Pillow,9469,50,684,1,684
50299560c764b54c2a7615d042d614a7,Ishin Casual Full Sleeve Solid Women's Top,938,200,683,1,683
5029ab0b1af21904fc60942eeb8d870c,FDT Women's Leggings,888,100,682,1,682
50544257ba6690d7ed612305c87c9c77,"Marvel DW100243 Digital Watch  - For Boys, Girls",151,30,681,1,681
505ae3059539ccec56c2122ff4fb5332,Living World by Home Stop Solid Wood Display Unit,795,100,680,1,680
5061381e686945b2b79b3550a0b5d023,Yna Wayfarer Sunglasses,269,350,679,1,679
50f4f45131c9627b8a79ef3dd14a3e68,Tapyti Casual Short Sleeve Solid Women's Top,999,100,678,1,678
51093d7adfa58ace6809ac7113035a8a,Kielz Ladies Boots,964,10,677,1,677
51132700ba6d7c01a154b4aa0438bed4,Karatcraft Valusha Gold Diamond 18 K Ring,5649,5,676,1,676
51466452976be815ae88aa3d2727c3f8,"D'SIGNER 688RGM _BRN Analog Watch  - For Men, Boys",280,72,675,1,675
514a88412e9412c7d5ed135445d8b7c4,Kaaryah Casual Short Sleeve Solid Women's Top,858,50,674,1,674
516c5986d5dc20efaa37a58cbdea755a,FabHomeDecor Fabric Double Sofa Bed,650,100,673,1,673
517e23a4b49e602a65b761cc2e2fc637,Imagination Casual Full Sleeve Striped Women's Top,1390,2,672,1,672
51b6b4038e852ec751b23c38e2d8a703,Jaipur Print Cotton Floral King sized Double Bedsheet,5526,150,671,1,671
51b993e5d51742473fc58c3f2013267e,Clara Certified Katela 3 cts or 3.25 ratti 4 Prongs Sterling Silver Amethyst Ring,193,10,670,1,670
5246408b3a2b590b0af3c345300763db,BFT 6 W LED Cool White Bulb,3058,12,669,1,669
524f12d805f0f5d93227fcfd01bdc235,Mykraft Girl's A-line Dress,2708,20,668,1,668
52540ede2cb2b24a33f4c3a88b787ba6,Navaksha Necktie Men's  Combo,999,100,667,1,667
52f6c0d358042c23d92571d6b8dde1a0,"Colat COLAT_M08 Roman Numerals Analog Watch  - For Men, Boys",5206,130,666,1,666
52fe3b381587bbec6714534ba1a0e8f6,Rampwalk Casual Sleeveless Solid Women's Top,990,10,665,1,665
535b7c97578c45771ca7145f4adfce58,"Britex BT2050+BT3101 He & She Analog Watch  - For Couple, Women, Men, Boys, Girls",2399,150,664,1,664
537d5f7b6bdebd8a59b9c2a1442f3beb,Karatcraft Musimi Gold Diamond 18 K Ring,3699,6,663,1,663
53f14888102234ebafb7396022894bf7,"Disney LP-1008 (Yellow) Analog Watch  - For Boys, Girls",1311,100,662,1,662
547f6034b83d4b9f8ee4592a977f859c,"Kool Kidz DMK-012-QU02 Analog Watch  - For Girls, Boys",599,100,661,1,661
548e9644b713ec3b40e1d187dddf9caa,Logues LGSWATCH61003PP DIGI YELLOW Sports Analog-Digital Watch  - For Boys,199,1,660,1,660
54b15ea290605d75d9c43565c5b92e55,WearYourShine by PCJ The Melina Gold Diamond 18 K Ring,599,100,659,1,659
54fa53de04c2de498a035a3e92c54939,Allen Solly Girl's Shift Dress,299,25,658,1,658
5537215525d7d74f0345e50607679898,Orous Casual 3/4 Sleeve Printed Women's Top,9280,5,657,1,657
55899076b15a735f6d7a99d811e3f621,My Little Joy Casual Short Sleeve Printed Girl's Top,799,2,656,1,656
558c9a5f473a22fdd22d3a953ac42a5f,Cation Casual 3/4 Sleeve Solid Women's Top,540,9,655,1,655
559aa2829ff5864c936652054e4d9dad,Betty Girl's Maxi Dress,8139,200,654,1,654
5620d5e84dc159bec751f1697d4c5cbf,"Breitling AB011010/BB08 131S Chronomat 44 Analog Watch  - For Boys, Men",769,1000,653,1,653
56c858619a727313451f96cfbdecd9ae,Riva Carpets Cotton Free Bath Mat Classic Loop Shag Bathmat_RI-527,3249,1,652,1,652
572175a453e384080710d4f1f5a76eef,AKUP crazy-women Ceramic Mug,249,110,651,1,651
57569d353736f5e7552f96feea702f1f,INDRICKA Casual Butterfly Sleeve Solid Women's Top,3019,100,650,1,650
584f0604927db068f9baef79e823b7a4,"Felix Y 39 Analog Watch  - For Boys, Men",574,200,649,1,649
585bf6bf5c602978f4047621cae590cb,Skayvon SUBMERSIBBLE THREE PHASE PUMP CONTROLLER Wired Sensor Security System,989,1,648,1,648
58be5f49e858c5ae12e9ebc89f86ac5a,Sequences Girl's A-line Dress,189,30,647,1,647
591327cb901209ad38e2e0c21303bd6d,Mast & Harbour Black Synthetic  Clutch,439,30,646,1,646
592714a499520b86d056274fd47d13b5,Raymond Checkered Men's Waistcoat,3969,100,645,1,645
598cf9c9a1999787f3c19ce44574cdfb,"BlueStone The Golden Arm Yellow Gold Diamond, Pearl 18 K Ring",430,200,644,1,644
59f3e128a3f6a055443f91fa49db8946,Carlton London Boots,897,3,643,1,643
5a1b6fa3dbacfd89ee9c9fb8d5623fe5,Gritstones Solid Women's Track Pants,8960,10,642,1,642
5a3a4bc04e89d6d1e6439ec09d0cf450,Navaksha Necktie Men's  Combo,999,10,641,1,641
5a4101234e2baee01db6da2f12f8ab38,"Great Art Floral Print Wool, Viscose, 20% Kashmiri wool, 50% Cashmilon and 30% Wool ruffle yarn Women's Stole",1178,10,640,1,640
5a7fa17ec8ebde921c193008022daa81,Taj Pearl Alloy Cuff,699,30,639,1,639
5b42a51aaf154fc109ff22475694c959,Fasense Women's Nighty,120,120,638,1,638
5bac79cea6c61dc04bf8b36dee7535af,Jayanti sarees Party Embroidered Women's Kurti,4899,50,637,1,637
5bcd3805f8a298f3e85cdefcbde19420,House This Queen Cotton Duvet Cover,5785,4,636,1,636
5dc40d606865da739f185f07871119e3,Kielz Ladies Boots,964,250,635,1,635
5e41c4f68e27fc03e72656d739f60c9c,TEN TEN Women's Tan Mid Length Boots Boots,1609,100,634,1,634
5e4cad0730bb6bf7425f920384530dda,Shilpkala Casual Bell Sleeve Printed Women's Top,350,50,633,1,633
5e9b16edc612d183dc25f1b5a5e74625,Vishudh Printed Women's Straight Kurta,489,3,632,1,632
5ea19515244a5bdffa02b0fc01d41e67,Clincher Semonday Boots,2198,100,631,1,631
5ebd08744d2bd39994b612708dae7f8b,Karatcraft Ailey Band Gold Diamond 18 K Ring,1799,25,630,1,630
5f22120bcda3c985912301391e7ac3d0,BFT 6 W LED Bulb,3105,20,629,1,629
5f30668c9d36047788ec7ba3c0962d69,Selfcare Soft & Comfortable Newly Launched Girl's Pyjama,6471,3,628,1,628
5fdffec8f62d74c769efc513ada3237a,MASARA Solid Women's Straight Kurta,6479,20,627,1,627
60e39b336dd05697a018cb5cb4138db0,Sakay Country Leather Boots,185,230,626,1,626
61060cd3e17b47b919471000bfc842dd,"Mynte Solid Women's Cycling Shorts, Gym Shorts, Swim Shorts",995,100,625,1,625
61378568cab3beed20f1e3d605a949d3,Karatcraft Trilic Gold Diamond 18 K Ring,175,25,624,1,624
6170d540879dacff4038ab6bfaa8a178,Nun Casual Full Sleeve Striped Women's Top,2000,100,623,1,623
62570c879238e102f4d9cab5f3c06755,Kiara Jewellery Sterling Silver Cubic Zirconia Rhodium Ring,798,100,622,1,622
62b6965f67c9916f5ae18ee428e1ed6a,A R ENTERPRISES musical wlking cow,4899,500,621,1,621
62b9fe4480a10ea95e9e8d579c8700ca,Karatcraft Wadell Gold Diamond 18 K Ring,2400,200,620,1,620
62e352a5a88fc4bcc2fd956d828c18fd,Wake Up Competition Full Sleeve Striped Men's Sweatshirt,3018,50,619,1,619
62ff655016aece636a5d03badb6f06ea,Sam Stefy Boots,2059,200,618,1,618
63110cbe7fd975a31cfbe98f58a6d305,"TAG Heuer CAU1116.BA0858 Formula 1 Analog Watch  - For Boys, Men",1899,1,617,1,617
638110305a283839f21904b2cd6a00bd,Karatcraft Citra Engagement Gold Diamond 18 K Ring,544,25,616,1,616
638efb10211d04ee9434017465868e57,The Clove Casual 3/4 Sleeve Striped Women's Top,695,100,615,1,615
63bbe5e2ebf85d87f4b1f331bcc85872,Dumdaar.com Women's Gathered Dress,649,210,614,1,614
63cc4b77864e92dcfab00e430c1a842e,Parron Men's Solid Casual Shirt,8013,8,613,1,613
63cced0559435f728c262fd4befaf5f8,Foot Candy Women Heels,981,200,612,1,612
640d2e92a553660e43ecf4c0d2b0ec96,Vastra Valley Girl's Gathered Dress,108,10,611,1,611
642ef5e58bfa63be91654bf24dc425ec,Kiara Jewellery Sterling Silver Cubic Zirconia Rhodium Ring,798,70,610,1,610
643f641725bce73ccd48481683a16a4f,Kielz Ladies Boots,964,80,609,1,609
647ab86bfd4edf149b814f0f78a5d399,Traditions Printed Protective Men's Gloves,499,80,608,1,608
64d3d25d4d53f84d69c47fe9b697e8a8,Shilpkala Casual Sleeveless Printed Women's Top,985,100,607,1,607
654077721b89b499ac4b3071d93216cf,Just In Time Fashions Women's A-line Dress,450,1,606,1,606
65c7d31228cfa68cfba249551b3fa930,BlueStone The Juliette Yellow Gold Diamond 18 K Ring,6867,100,605,1,605
65d0b85c74fdca31097303df49adf147,Steppings Trendy Boots,877.55,9,604,1,604
65e6fd534c777a150d21f17351a95eae,Navaksha Necktie Men's  Combo,999,100,603,1,603
66386427176bb7f439809718519eb80f,Mizuno Lightweight Hoody Solid Men's Wind Cheater,159,100,602,1,602
664f83de603e16877d970446792ddebf,Elisabetta Bartolli Party Short Sleeve Solid Women's Top,8599,200,601,1,601
6689f1823e89002c09906d57ff54908a,Navaksha Necktie Men's  Combo,999,10,600,1,600
66bc998ca30c018789eb07192d1bb66d,"Tiara Diaries 2016-2017 Designer LA Kaarta ""TAKING ACTION GETTING RESULT"" (Set of 3) B5 Notebook Hard Bound",198,210,599,1,599
66ed51d4ff446306b064dadd9ffb7962,Taj Pearl Alloy Cuff,699,100,598,1,598
6762669b0701748ca6556b7e21e9161e,Pinza Black Christmas Boots,3355,1000,597,1,597
67a611810bcd9380821013bce309f94a,Enah Casual Sleeveless Printed Women's Top,695,25,596,1,596
67bd93c5e4422d31af361e27f4bcd8e9,"Urban Fashion Bank Casual, Party, Festive, Lounge Wear Sleeveless Printed Women's Top",498,1000,595,1,595
67c905750a2772340a886096851613a4,Quechua Arpenaz Novadry Boots,299,15,594,1,594
6838439b603e792bd2a01151290e7d9f,Hangover Solid Round Neck Women's Sweater,3739,400,593,1,593
68814f2e268fc3db220e9451cfb868e0,Navaksha Necktie Men's  Combo,999,200,592,1,592
68cc8f92b42db980adaad07dd84e85c9,Bedazzle Casual Sleeveless Solid Women's Top,350,5,591,1,591
69bd28285c6b33a5f2c9de6d1aa43c21,Myesquire Brown Aroma Burner Combo Lemongrass Liquid Air Freshener,620,200,590,1,590
69cdf763d7023fd166055cf229da12bf,"SFDS Casual, Formal, Party Sleeveless Self Design Women's Top",695,1,589,1,589
6a14117fc6f40da232caa6943d68f72a,Ozel Studio Casual Sleeveless Printed Women's Top,1431,100,588,1,588
6a84ad37e64e3564818edd2cb768aa28,Klick Casual Full Sleeve Solid Women's Top,7060,2,587,1,587
6aa52107a10dbb0e9e9d0482be88353c,Parron Men's Printed Casual Shirt,299,7,586,1,586
6abc62b1b279bfe5aed08cbd587b00a8,Indistar Self Design Viscose Women's Stole,7924,70,585,1,585
6ac5a993a93fd9e0985b1a93a5bb1394,"ezyPRNT ""BC"" Golf Ball -   Size: 4,  Diameter: 4.26 cm",144,3,584,1,584
6ac82da74f8279b97f10f9837ca31bc0,"Mynte Solid Women's Cycling Shorts, Gym Shorts, Swim Shorts",995,500,583,1,583
6b62a32f29f825eca000d758f5aa8a47,Sathiyas Cotton Bath Towel,300,50,582,1,582
6b64ea3098379f89db802ee018d918eb,De Kafal Girl's Gathered Dress,199,23,581,1,581
6c3d1fb5451d92c5384d35d3b3d15934,Myesquire Blue Green Aroma Burner Combo Lemongrass Liquid Air Freshener,399,350,580,1,580
6c79a6fa3b3ed82a84d7ca2a99797727,Jacknjewel Astonishing Gold Pearl 18K White Gold 18 K Ring,3462,50,579,1,579
6c7e158fe993ad109d9b6343e8dfaa11,First Choice Cotton Embroidered Diwan Set,700,100,578,1,578
6c8c32f8980a392f0ff08ecde4b3f22d,"SwissFire 205SM005 Analog Watch  - For Boys, Men",269,500,577,1,577
6c91112b827c378039e9bbed4b18276c,Kiara Jewellery Sterling Silver Cubic Zirconia Rhodium Ring,798,50,576,1,576
6ca0c846a21f62667e9137e339e5b5fb,"Alfajr WY16B Youth Digital Watch  - For Men, Boys",225,190,575,1,575
6cd4340a8e73d25368ac60214548adaf,Medimix Transparent with Glycerine And Lakshadi,645,600,574,1,574
6cdf795996f8184b9283180e64351b74,Ozel Studio Casual Full Sleeve Solid Women's Top,275,10,573,1,573
6d46fda393c06f113449b8cb0d385e04,Kaaryah Formal Sleeveless Solid Women's Top,600,40,572,1,572
6d516a7d0919c3aa8e1f3f7034243efa,"Tenn Casual, Party Sleeveless Floral Print Women's Top",8300,100,571,1,571
6d743760a1ab41c80fbc8e4c05303af5,Palette Casual Sleeveless Solid Women's Top,9674,100,570,1,570
6d8100eb6e2e982483fa8e51b790e3ef,Mast & Harbour Black Synthetic  Clutch,439,10,569,1,569
6d8ff19bdd70ad62ed3f492eb1bc9fe6,"Kalakruti K Jewellery B Jewelry box, Makeup Vanity Multi Purpose",7449,700,568,1,568
6da57a9b66d2fa808204fbc0b7878161,womaniya Alloy Bracelet,798,2,567,1,567
6dd59727581d7a4aaafb5ab09c1e4366,Dressberry Orange Synthetic  Clutch,227,25,566,1,566
6df3992af86e7cc6791b33f43b0e4ee6,AKUP i-love-music Ceramic Mug,999,100,565,1,565
6dff728bea0bb56afdf6234d16caee60,Bruno Manetti 664 Boots,79,25,564,1,564
6e594da745c314eb0f72a1ced34fb64c,Furst USB Adapter with Cable For Lnvo Sisley S90 Battery Charger,142,100,563,1,563
6e5eb74ba792a837a8c3d87027d47022,Oviya Casual Sleeveless Self Design Women's Top,80,250,562,1,562
6e64a2fc0f1f135cc16e9c6e19858d5b,Imagination Casual Full Sleeve Solid Women's Top,880,2,561,1,561
6e86af0396e2623442f4fc0a15220760,Kielz Ladies Boots,964,25,560,1,560
6efcad2ed5b1086a54e7da2db78e2ef5,AKUP i-love-stories Ceramic Mug,410,25,559,1,559
6f04b3542caa78d5efa63a62c20df652,Kairaa Lounge Wear Sleeveless Embellished Women's Top,120,600,558,1,558
6f38bd9912d4f424451de3e39deaa94b,Imagination Casual Full Sleeve Solid Women's Top,880,2,557,1,557
6ff5297968eb831a70525775b4c942a7,Belle Gambe Boots,6794,210,556,1,556
702de536c7e3e81b30e161f72127bfc9,"Disney MSFR190-01B Analog Watch  - For Boys, Girls",795,3,555,1,555
7039d5423923d496d541845cb9c7546a,United Colors of Benetton Solid Round Neck Casual Women's Sweater,444,5,554,1,554
708f4c290e012fea3dd3f2680c597382,"Cation Casual Short Sleeve, 3/4 Sleeve Solid Women's Top",2400,2,553,1,553
70a08b476298fe8199f5eed92594d837,Bruno Manetti Cannelita Boots,249,1800,552,1,552
70f9c88bd3e2a64dfb4fbd258d107c40,United Colors of Benetton Solid Round Neck Casual Women's Sweater,444,6,551,1,551
710c4ccc12845d4744b22086fdab9773,Karigaari Set Of 5 Adivasi Doing Merry On Trumpet Showpiece  -  30 cm,170,50,550,1,550
7116b27b26327d1e1bd972b1a36cb985,ShoeBuzz Casuals,3097,200,549,1,549
71228b552c13be9c1584869989b526f8,"Mynte Solid Women's Cycling Shorts, Gym Shorts, Swim Shorts",995,5,548,1,548
712ee472decb48bd1e5adef35e91d99d,Fashion Tree Men's Solid Formal Shirt,595,240,547,1,547
71570c30639121cb26e6c38fbff14d18,The Vanca Casual 3/4 Sleeve Solid Women's Top,299,80,546,1,546
71b37248ce425279a0b837f7dcd430e7,HRS ULTIMATE MEN Chest Pads,2050,6000,545,1,545
7221b879e7db1010cb10559e461fff1f,612 League Girl's Gathered Dress,8029,500,544,1,544
72323856f18bbcf032a2c2be743b2aa9,Selfcare Soft & Comfortable Newly Launched Girl's Top - Pyjama Set,5548,60,543,1,543
725cfb89a4f694814c0a57447db3a592,Moda Vastra Casual 3/4 Sleeve Graphic Print Women's Top,469,110,542,1,542
7261e137d68cd21cf2e54e7b6cf2de45,Mario Gotze Women's Printed Casual Orange Shirt,3254,80,541,1,541
728c77f0fd8e5655a4ba7b233e6d2fcd,Com-Paint Decor Paint Spray Paint Bottle,1469,20,540,1,540
72cfbff4644a63344ad818fc8c4268e2,Beebay Girl's A-line Dress,506,10,539,1,539
730ada76e446018ba965564a80a7e811,Klaur Melbourne Boots,695,200,538,1,538
731bf9610a445e66f3670d4c910a6cf7,Wrangler Men's Casual Shirt,995,25,537,1,537
73995b73f39a34d62895fd38e157ba11,Navaksha Necktie Men's  Combo,999,630,536,1,536
73c78c5599f431ab4abc477c08405b65,Karatcraft Clariz Gold Diamond 18 K Ring,4768,2,535,1,535
73d2e7a13011f6a13bf6a89e10413d79,Dressberry Gold Synthetic  Clutch,875,80,534,1,534
743d67377926e4c7b414edf32ce37b0a,Nine Lions Bollywood Fashion Party Sleeveless Solid Women's Top,4388,18,533,1,533
74e460de6dc79828967c200a076e0bc1,Fundoo T Full Sleeve Solid Men's Sweatshirt,6049,30,532,1,532
74fe65bb643aba84feff8d8c8d78f791,Rialto Boots,749,120,531,1,531
7564d01eec26262bc922d58bd56a6de5,Suave Naturals Everlasting Sunshine Conditioner,1729,400,530,1,530
7581256481d9b76346e1466d6a3be017,Navaksha Necktie Men's  Combo,999,50,529,1,529
75f40f24353cf886eb912d42d2735592,Stamin Mass Gainers,538,1,528,1,528
7602f259a7d1d2c35904f1aca7f43923,Behringer Xenyx 502 Analog Sound Mixer,7034.5,10,527,1,527
7624a2763b3757e78704bab1f7717ffa,WearYourShine by PCJ The Midori Gold Diamond 18 K Ring,475,25,526,1,526
769e3c2f15841ba18935616e6a42ab36,Rute Floral Print Women's Round Neck T-Shirt,5610,5,525,1,525
76a28a6dfb93b55efb4b39727879ef33,T STAR UFT-TSW-005-BK-BR Analog Watch  - For Boys,330,3000,524,1,524
76aa6af07b2b342a6ccce93ec462dfae,Salt N Pepper 13-516 Greta Red Boots,625,350,523,1,523
77192dee47a8d0d7ef5aae16c2302ed2,Ozel Studio Casual Full Sleeve Solid Women's Top,275,700,522,1,522
771c2be8e064435de6eb37c8f7aaecf7,Silver Streak Men's Printed Casual Denim Shirt,5012,50,521,1,521
778734febd6b0159f802d921a321f541,Kiara Jewellery Sterling Silver Cubic Zirconia Rhodium Ring,798,6,520,1,520
77b101c632627d4ded70b3437c147f91,Salt N Pepper 13-167 Marsha Red Boots,375,150,519,1,519
77b5d9c2a442b4bbdb4e6832dec9563d,Navaksha Necktie Men's  Combo,999,5,518,1,518
77fc3b1cc569e760c75cb2472007c290,Ishtaa Gold Cubic Zirconia 18 K Ring,795,10,517,1,517
78135e33973121e5da8b76a349365186,Jewels Of Jaipur Gold Ruby Yellow Gold 14 K Ring,3331,100,516,1,516
78528144da7c0d320eb46004d77d1039,Ozel Studio Casual Sleeveless Solid Women's Top,3280,20,515,1,515
7880fa31a8f0d3ff5be3f581dc8f5e58,Bengal Blooms Rose Artificial Plant  with Pot,295,6,514,1,514
7883822e39d790447a8be55ec1bf34ee,Shuz Touch Boots,795,350,513,1,513
78ac52e7d02d7b59a1a2367b905cfb66,Miss Chase Casual Sleeveless Solid Women's Top,5269,5,512,1,512
79b7c564ba49a9f587c56b7de667e446,Besiva Casual Full Sleeve Solid Women's Top,9117,9,511,1,511
79cd6a77342432b2606014d6171f8471,Absurd Full Sleeve Solid Men's Sweatshirt,7999,20,510,1,510
79d98ace178a8a71077177929dc07010,TeeMoods Casual Full Sleeve Striped Women's Top,8599,20,509,1,509
7a42d375e9c862602f0f82e1ae27f631,"Skmei AD1031-Black Formal Analog-Digital Watch  - For Men, Boys",1235,5,508,1,508
7a9057d2c920ad702178d883e9fac6ca,JDX Plain Bed/Sleeping Pillow,9469,1,507,1,507
7bfd9b7443a8d895186437015cd45f38,Kiara Jewellery Silver Cubic Zirconia Rhodium Ring,3782,2,506,1,506
7c85fec7895b82e58b8c0a1d82fe0b70,Karatcraft Bibiana Gold Diamond 18 K Ring,370,1500,505,1,505
7c888b4b90bf0bd2d4d118e666d9de4f,"Zoop C3030PP05 Analog Watch  - For Boys, Girls",3862,300,504,1,504
7c8ff4b3fa82457792d71578df3e8a80,"Hala Red In Black trendy digital Digital Watch  - For Boys, Girls, Men",7040,50,503,1,503
7c954e6be8eb239fee0bd24ddc278f98,Angelfish Silk Potali Potli,4475,1,502,1,502
7cba91015ab518ae9e1c1c14db6e91ac,Navaksha Necktie Men's  Combo,999,1400,501,1,501
7cbf5cb3b23df4d21e04acb49786249a,Oxolloxo Girl's A-line Dress,995,80,500,1,500
7d38652eb563d8ca6a5fd02a997493c2,"Vizion 8503B-1RED Cold Light Digital Watch  - For Boys, Girls",387,30,499,1,499
7d8c55dcd39e6187e777687b45112c5e,Timer TC_-_690143 Analog Watch  - For Boys,1131,5,498,1,498
7dd4153bbd2eab57719e295344025c2b,Betty Girl's Maxi Dress,8139,600,497,1,497
7dd9aa107ed3c9335cfde5add16ed16b,Nuride Canvas Shoes,3292,1,496,1,496
7e56012cedb6b78d1e0dc179fa55345e,Yepme Casual Sleeveless Solid Women's Top,1389,500,495,1,495
7e85f051b076a9b441a0345d9d0dc19f,Vishudh Printed Women's Anarkali Kurta,333,1,494,1,494
7eaf62d05094bb4c26214f14095af651,Crocs Boys Sandals,795,210,493,1,493
7ec37e5cbf0a2cd47cb1a0b2014f7418,MASARA Solid Women's Straight Kurta,6479,400,492,1,492
7ef03f43a9713ea93218c32da7282ca1,H E Creations Brass Cubic Zirconia Yellow Gold Ring,798,25,491,1,491
7f73d311f3ee57b6668449e31007e630,Imagination Casual Full Sleeve Solid Women's Top,880,100,490,1,490
7f74bd9a226b18ffcfae7361d6ac2605,612 League Girl's Shift Dress,449,300,489,1,489
8039ad7ac294549c27f89e717b989864,Paul Mitchell Tea Tree Lavender Mint Moisturizing Unisex Conditioner,6161,30,488,1,488
807c292e7573e549632e7ba95aca0d49,Navaksha Necktie Men's  Combo,999,10,487,1,487
80a3b71ba5ce007692adc2898648667e,"Lenco DCOMPASS2010 Quazi Analog-Digital Watch  - For Men, Boys",3520,400,486,1,486
8171b1b1eeaf05b927f0fa486c6edf45,Get Glamr Stylish Boots,95,25,485,1,485
81b6c4b14a05bcf46ee32cfb5d28faa5,SANTOSH ROYAL FASHION Cotton Printed King sized Double Bedsheet,4950,1000,484,1,484
81ce61975ed4314aa433c947cd7c7467,"ezyPRNT ""OL"" Golf Ball -   Size: 4.26 cm,  Diameter: 4.26 cm",4556,4,483,1,483
82444933d432a2cd781834e74ae26e04,Sneha Unique Boots,599,130,482,1,482
829f373005218c964d381cc77c04b236,JASPO Saphire Dual Shoe Skates Combo Size 5 Skating Kit,219,600,481,1,481
830024cf2509bf03f04ee138f9214785,Clara Certified Katela 6.5 cts or 7.25 ratti 4 Prongs Sterling Silver Amethyst Ring,595,10,480,1,480
831f41c5e031173c459de7b3548d26e7,"Herbal Jewellery Alloy, Wood Bracelet",2739,94,479,1,479
838b0709e5093cc256d31eaee6969d24,Only Party Short Sleeve Solid Women's Top,3636,200,478,1,478
83a4f37a7d74907080f92aaae79ac56f,Dressberry Black Synthetic  Clutch,8664,25,477,1,477
84b10c69fb27c46aae714556e5ac0b86,Rampwalk Casual Sleeveless Solid Women's Top,990,1,476,1,476
84b7b537543992f1a138dcd3e2e009c0,Vishudh Printed Women's Straight Kurta,489,300,475,1,475
84fac12bc7c2ecf7c4bceabf0d091e52,"Sale Funda SFGFU694 Analog Watch  - For Boys, Men",695,100,474,1,474
84ffc516e919d982a38012463ccd9439,Tapyti Casual 3/4 Sleeve Solid Women's Top,399,20,473,1,473
85061cb244a06a2107de818711c84f9c,Kings Multicolor Tassels,80,100,472,1,472
8556244839e92337c3e3d0d0b0c3b8c5,"Sarva Casual, Party Sleeveless Self Design, Printed Women's Top",1498,1,471,1,471
856c67538f09782c8fe8705b75334cbe,Herberto Girl's A-line Dress,90,50,470,1,470
856db9c2a6fb35c569ebbdb58c37b6ba,Kripa's Printed Cushions Cover,1495,750,469,1,469
8578fd64492be564b842bdabc2f33e99,Ishin Casual Full Sleeve Solid Women's Top,938,500,468,1,468
8587a3d63222bcdc7131531090b0c478,Shilpkala Casual Short Sleeve Printed Women's Top,5661,30,467,1,467
86846a3057faf0f3a5fb328991679b41,HRS ULTIMATE BOY Elbow Pads,8074,50,466,1,466
86a3d83bcfa540b94b779ccf7f1ca0a0,"SFDS Casual, Formal, Party Short Sleeve Self Design Women's Top",999,5,465,1,465
86b3c84dd825be7624ef594a5d4e53d8,"Srushti Art Jewelry Megnet_Led_Sport_BlackRed1 Digital Watch  - For Men, Women, Boys, Girls",5324.48,25,464,1,464
86b5a7c34526de749b11410055372963,"Asian Gems & Jewels 6.25 Ratti 5 Dhaatu Sterling Silver, Metal, Alloy Cat's Eye NA K Ring",7479,800,463,1,463
86dc138aad7494f2ffb6a454f4837c7d,Allure Silver Amethyst Sterling Silver Ring,649,40,462,1,462
87dcb7f76bea74ba1623fae6144e2ffe,"Rorlig RR-030 Essentials Analog Watch  - For Men, Boys",104,24,461,1,461
884294ec2d9c1a0ecae129c00fccc95e,Fundoo T Printed Men's Track Suit,624,500,460,1,460
88429cc5eb3255cd4211989a2508f3a3,"Mynte Solid Women's Cycling Shorts, Gym Shorts, Swim Shorts",995,1,459,1,459
88ae63ea0bf2883ff075948a273dacb6,Furst USB Adapter with Cable For Core Prime Battery Charger,4656,20,458,1,458
891e213040a0da346198127852f811d8,Cation Casual 3/4 Sleeve Solid Women's Top,540,3,457,1,457
898d6f95b54867854ee982f847cbebcf,Showoff Casual Sleeveless Solid Women's Top,1586,100,456,1,456
89ddc9590c0da196e8953e687914bf13,Dungri India Craft Ducjug008-ducgl017-2 Jug Glass Set,899,10,455,1,455
89f00e695462e38820caee732ad110a8,Kielz Ladies Boots,964,100,454,1,454
8a1ced97204e6be7af533aef08d277a0,"Franck Bella FB0122DD Analog Watch  - For Men, Boys",250,100,453,1,453
8a4d65fa4468fb3b4facdb5f3088fa38,Rochees RW50 Analog Watch  - For Boys,399,100,452,1,452
8a768a3adbdd4ec6be5a3a93844aff53,The Clove Casual 3/4 Sleeve Self Design Women's Top,2880,50,451,1,451
8af197830a911fe5d1cd9915ef26ab4a,Elson Self Design V-neck Women's Sweater,3696,150,450,1,450
8af4342bbca5448e643ea4f38271fa9d,United Colors of Benetton Striped Round Neck Casual Women's Sweater,679,3,449,1,449
8b3664b5106353459a0d679cb4d35290,My Little Joy Casual Short Sleeve Printed Baby Girl's Top,355,2,448,1,448
8b51d802c8e57a7f720b1d8b00f74c40,AKUP dream-big-work-hard Ceramic Mug,3911,100,447,1,447
8b5f0813c6686fc50fddc742540b1b24,Superkids Solid Round Neck Casual Boy's Sweater,3170,100,446,1,446
8b651c52700944ede77ab4a34673b95d,Fundoo T Full Sleeve Solid Men's Sweatshirt,6049,100,445,1,445
8bcaf0336d8beef620d5b2a9a628dd03,BFT 9 W LED Bulb,999,300,444,1,444
8be8350d6c50512df3c57c3becd63dc9,"Soie Casual, Festive, Formal, Lounge Wear, Party Sleeveless Embellished, Solid Women's Top",1870,400,443,1,443
8c800e7e992396a4c18657701ebca78d,Aadyaa Collections Alloy Bangle Set,5753,1,442,1,442
8ca238204e376d1b94dbdcc55e341521,"Kleio Festive, Party, Casual Blue PU  Clutch",373,80,441,1,441
8cd8fd8a634af676113c7d273083700b,Ditu&Kritu Warrior Aviator Sunglasses,748,312,440,1,440
8d09899a590d86201197cd92d61139f5,Lamere Women Flats,6496,100,439,1,439
8d2ba242a6b8ef68a04e53eb1e91f9b4,Nishtaa Yellow Gold 22 K Ring,5349,70,438,1,438
8d8c2ffd079bb411bf96d3e1a052d116,Cation Casual 3/4 Sleeve Printed Women's Top,4160,5,437,1,437
8d9df278582b7658f79cbff14a54da87,Credos Boots,99,100,436,1,436
8dc9c068a337babe8dcb905bcc6a9619,Do Bhai Boots,3682,800,435,1,435
8e9ac03eb92c2a23d1553f59a0ae97f3,Get Glamr Designer Kuyal Boots,3200,25,434,1,434
8ea66cf290148e69203b90fdb719ce78,Belle Gambe Boots,6794,27,433,1,433
8ed53766170d54b069eed1af41938d20,"Mynte Solid Women's Cycling Shorts, Gym Shorts, Swim Shorts",995,5,432,1,432
8eef6e3d80bf2ea82e38fda180832fc5,"A Avon PK_504 Analog Watch  - For Men, Boys",549,10,431,1,431
8fba3b53653d35a9fb3691558ba94f02,Furst USB Adapter with Cable For A7 Battery Charger,2880,25,430,1,430
8fbf6765d680b8b98a72c4ce6c8ced3f,Eshoppee Laughing Buddha For Success And Wealth Showpiece  -  12 cm,389,250,429,1,429
9022f31851a29d16d4a740afd7697cd1,Lee Mark Men's Solid Formal Shirt,8167,50,428,1,428
909f3c916bfc770a091bf7f8c8126417,Bonzer Bellies,5149,3,427,1,427
90b76bd6f72aa085be2cc3d1c88aebfc,Roadster Skinny Fit Fit Men's Jeans,942,50,426,1,426
90f094a71debc1cecf9c5940eea04b0a,First Choice Cotton Embroidered Diwan Set,700,100,425,1,425
9139ea1f878760e7a4d6943eb41e4abb,Nishtaa Yellow Gold Cubic Zirconia 22 K Ring,750,3,424,1,424
91459f8c86803d2aafd2b37514546aad,"Positif Pfbk612 Analog Watch  - For Men, Boys",349,200,423,1,423
9154e254d0d6b52dbc4acb3ec3bd51bf,Herberto Girl's A-line Dress,90,100,422,1,422
916206ec93027ec46d89300fe0c8746d,"Cobra Paris CO6394A1 Analog Watch  - For Men, Boys",3851,50,421,1,421
91c4dd33f735e62e94c3c0cf6b2607fe,Karatcraft Twinoh Gold Diamond 18 K Ring,249,312,420,1,420
91d1e6ad2ce95212619bda3db09a45bc,BownBee Girl's Gathered Dress,2879,1,419,1,419
9201f6226d5c49e5de79b267de17e5b5,"Membooz Casual, Party Short Sleeve Self Design Women's Top",4481,800,418,1,418
926eb3efb009b524b555c6f368ecd517,Dressberry Gold Synthetic  Clutch,875,35,417,1,417
92c571f8ca580b16a1dd597e85d9945f,Catwalk Boots,4399,2,416,1,416
92cb1c9d8d09a17a51f3e1ce8f6f7d11,Reckler Slim Fit Men's Jeans,5298,600,415,1,415
92d624118d4b5b6228eb4be9e871c564,Peter England Men's Solid Formal Shirt,1100,60,414,1,414
92d62c33f312a06d4dbc509e8301c194,Elite Neckties Necktie Men's  Combo,3046,5,413,1,413
92fba9a3f94261fd9a7c358e36b8b032,Karatcraft Clariz Gold Diamond 18 K Ring,4768,25,412,1,412
934e17fa3eba2a86e78f1a0a44086008,Gee & Bee Casual Printed Women's Kurti,7299,100,411,1,411
93775c9260117c593e6243d14459b69b,Bonzer Boots,2894,30,410,1,410
937eccb25030e2563a7674f3b756b07a,Stylistry Maxis Shde6603brwoboot3104 Boots,588,1600,409,1,409
93dd6cc74be14bbd2983b234ab5ef199,Nine Lions Bollywood Fashion Casual Short Sleeve Solid Women's Top,250,250,408,1,408
94948289a777ed8232a17fcec6d56d43,La Briza Andria Boots,529,5,407,1,407
9519864b2f0cc9d6110d6a19162f1646,Steppings Boots Boots,972,10,406,1,406
95f8bfd899fdd0445c677ac9bd8dea3c,JacknJewel Gold Pearl Yellow Gold 14 K Ring,399,100,405,1,405
960a9f20aeb3d344b84daa9b2f83db55,Salt N Pepper 13-019 Femme Black Boots Boots,5240,10,404,1,404
967590ded1cf86508e11cc80c078c8b7,Shuz Touch Boots,795,10,403,1,403
972d831d60a01a348999432f5cc75887,"Alfajr WQ18 Qibla Compass Digital Watch  - For Men, Boys, Girls",999,50,402,1,402
975c3b3b904efa6ed9c697ac936691bb,Myesquire Ceramic Burner Pot Lemongrass Liquid Air Freshener,1590,100,401,1,401
97817dfe8e4984cb8840b65d33115a02,Kielz Ladies Boots,964,50,400,1,400
97dfd860ed7d073b9c45b360f9bb80a9,Allen Solly Girl's Layered Dress,17,1,399,1,399
989d5532efede8bc478562e32bd1aa80,Jaune Women's Sheath Dress,699,100,398,1,398
98a57e00a83d6567b84f7809e5ff8792,CaratLane Fantasia Band White Gold Diamond 18 K Ring,205,350,397,1,397
98aceaadee16cff9a4fb9d41607c1ef0,"Franck Bella FB127A Analog Watch  - For Boys, Men",6400,1,396,1,396
98b78b0b24ef12e8169a0f05a3bea9d9,"Urban Fashion Bank Casual, Party, Festive, Lounge Wear Sleeveless Embellished Women's Top",606,200,395,1,395
98cbb7b0611dd7d13160ed768dcb12a9,Shopmania Music Band A5 Notebook Spiral Bound,5036,25,394,1,394
996903ea9c352ae1c355d21f9cf316d6,Furst USB Adapter with Cable For Xp Miro Battery Charger,79,3,393,1,393
99a3aed559c0f5526a8f603b606f6467,Escan Lace Up,297,600,392,1,392
99bf9f4d8355a6ae957a27c3235b33c7,First Choice Cotton Embroidered Diwan Set,700,4,391,1,391
99c140f8d34dade516490b96d5880b01,"Shoppingekart DS0222 Rewin Pack of 3 Digital Watch  - For Boys, Girls, Couple, Men",3200,600,390,1,390
99d031590919e6aaae86e68ecaa21ec8,Selfcare Soft & Comfortable Newly Launched Girl's Top - Pyjama Set,5548,25,389,1,389
9a27a7eb73bb98c3f055d7ce1b920173,Bonzer Bellies,5149,100,388,1,388
9a3b1bbc9fbf82aa8ef63a7bd1ced6cc,Nell Women Heels,3964,3,387,1,387
9a3b808500f54366ad4f86afac381b63,"Turbo LEAGUE Batting Gloves (Men, White, Blue)",120,400,386,1,386
9a3faeeee64769ffbc19a7c38b254507,Navaksha Necktie Men's  Combo,999,10,385,1,385
9a63b0f66af3fe0ca4f426dfc410f8ee,"Majori Casual, Festive, Party Short Sleeve Floral Print Women's Top",795,2000,384,1,384
9a8cffcbdcf753736221482ae384162c,"D'Signer 681GM_WHT Analog Watch  - For Men, Boys",319,700,383,1,383
9a93b8d137290d3988ea7b0e153991e5,Herberto Girl's A-line Dress,90,2,382,1,382
9aac89798ac96a15718abc14d8621f7f,"Mynte Solid Women's Cycling Shorts, Gym Shorts, Swim Shorts",995,1,381,1,381
9ad3aab0e9ed79c31392c4453c072f27,Shilpkala Casual Sleeveless Printed Women's Top,985,50,380,1,380
9af4abfcf65c0c0331ed00bfe0d55326,"Mynte Solid Women's Cycling Shorts, Gym Shorts, Swim Shorts",995,800,379,1,379
9b2be14cec10540eeabaecbdef99e2ff,SANTOSH ROYAL FASHION Cotton Embroidered Diwan Set,270,300,378,1,378
9b49f91f402b621199e5b1533540ce39,Kiara Jewellery Sterling Silver Cubic Zirconia Rhodium Ring,798,1000,377,1,377
9b6c975a52e8ec9b88507582e9f5e70f,FabAlley Casual Sleeveless Solid Women's Top,795,350,376,1,376
9b85eb55bc25e7444f14c70f2c298c5d,Kaaryah Formal Sleeveless Solid Women's Top,600,25,375,1,375
9b9c34dc5fb29225ea23c08467cc3b2a,Svt Ada Collections Formal Full Sleeve Checkered Women's Top,685,120,374,1,374
9bbebde186b74a52643b95047f580d29,Itiha Home Liquid Air Freshener,3912,50,373,1,373
9bceaa7fa7b6b9743f05cad7a9ebf29b,Karatcraft Trilic Gold Diamond 18 K Ring,175,100,372,1,372
9c3505dc51c4c32a9f6f540df1b273e8,20Dresses Brown Shiver Me Timbers Boots,1374,200,371,1,371
9cd929ab67264683d8810adb84a8a4a2,Get Glamr Stylish Boots,95,100,370,1,370
9cefa5b902cb0765c09c9ea81104d42b,Bulaky vanity case Jewellery Vanity Case,399,2000,369,1,369
9d2d036ad3ffd33d44ec7ea55a7aad79,AKUP life-is-not-living Ceramic Mug,354,100,368,1,368
9d4967107d9962cd0ba818587f8d58a5,Niremo Loafers,4493.46,1,367,1,367
9da39376a4b51605a37b78b1be986bd7,Shilpkala Casual Sleeveless Solid Women's Top,690,25,366,1,366
9da403e15b1522408d8336086461a49e,Kundali Gold Topaz 18 K Ring,430,5,365,1,365
9dbf98960637b83e88373efd441276cd,Rapter BNC-047 BNC Wire Connector,299,1,364,1,364
9e1ad76cd98a53227937ee8c20ac86bb,Alisha Solid Women's Cycling Shorts,799,10,363,1,363
9e499203c3e5b20d0786e270105b152d,Sunrise Showpiece  -  28 cm,5689,200,362,1,362
9ea69e494d6cae4934996f751ae3f48c,JDX Plain Bed/Sleeping Pillow,9469,2,361,1,361
9f3156a6d9e1556e34f82e43295fbc49,Newworld RTNE Pack Of One -583 Tempered Glass for Xiaomi Mi 4i,289,20,360,1,360
9f4ff907ea841df290f1f12f0775569a,Karatcraft Risena Gold Diamond 18 K Ring,399,30,359,1,359
9f5d05c34ef35f578fa46789d8b1510f,Rapter BNC-179 BNC Wire Connector,7647,5,358,1,358
9fa9bb5dc02d3fe3633298dd118268d5,"Lois Caron LCS-4032 Analog Watch  - For Boys, Men",325,800,357,1,357
9ffa7a22308b9fc4c5352e69b7565275,"Estilo 1056 Analog Watch  - For Boys, Men",295,1,356,1,356
a0097d34abb1dc55fa28205bb8794a2f,"Q&Q VQ13-008 Analog Watch  - For Girls, Boys",4258,25,355,1,355
a00dcb3482ead505adb48e6319f6c781,Disney DW100405 Digital Watch  - For Boys,699,110,354,1,354
a0b3debd561da4a425b23b1d469d53cc,Navaksha Necktie Men's  Combo,999,150,353,1,353
a12f38626d601f0e6ac655bffb1fba15,Navaksha Necktie Men's  Combo,999,10,352,1,352
a14502850af2ef5675ac402cd592d384,Kielz Ladies Boots,964,400,351,1,351
a159a50e8ccb4e16276e43384df4759b,Stylistry Maxis Sa3228-25relong1712 Boots,9450,25,350,1,350
a1b90b0b39b80a3aa282dbc4515feb3f,Shopaholic Casual 3/4 Sleeve Solid Women's Top,341,350,349,1,349
a215df6e39a63828223725d8bde6e741,MASARA Solid Women's Straight Kurta,6479,5,348,1,348
a269fc5e9b1c166a4a3f9373a5c66c4c,D-Link DAP1320,6044,100,347,1,347
a27e8ca25e5441693df6c764bfccf07a,Freelance Vacuum Bottles 350 ml Bottle,499,10,346,1,346
a29704747d62747acb0a7466fba4f9e9,FabHomeDecor Fabric Double Sofa Bed,650,50,345,1,345
a2be1ab733e6472338d1b9c5d2e7f92a,Kiara Jewellery Sterling Silver Cubic Zirconia Rhodium Ring,798,1,344,1,344
a2d278bdae4021618e3c1edaed28f21a,Tapyti Party Sleeveless Solid Women's Top,798,1,343,1,343
a3cc826cf4301d604cc6a990536543c8,"Lee Solid V-neck Casual, Party Men's Sweater",390,1,342,1,342
a3f7fd7acada8184f4134eef56ff79e8,"F&S Casual, Party Short Sleeve Self Design Women's Top",2880,400,341,1,341
a4524241ceab2b9a3ff1d01b19eb8067,Betty Girl's Maxi Dress,8139,15,340,1,340
a47e15fd47e09231ab228367ed088348,Sicons All Purpose Tea Tree Dog Shampoo,325,150,339,1,339
a4be51390faf39721c22acbe37f8e25a,AKUP one-gud-thing-about-music Ceramic Mug,750,100,338,1,338
a59b61b3bd1e75be3599d56ae12d6a8c,TeeMoods Casual Full Sleeve Striped Women's Top,8599,190,337,1,337
a5a9a277a2b24a462a78e752c47442fe,Shilpkala Casual Short Sleeve Printed Women's Top,5661,25,336,1,336
a5bd32e4bdab05fa151a997ecb366122,R Factor Casual Sleeveless Geometric Print Women's Top,1339,50,335,1,335
a5df21b1aa0b106f9d9c596732c04f3b,Zebra Outdoors,2019,60,334,1,334
a61dcd2ffd1ee214b12b9c08b107b866,Burt s Bees Hair Repair Shea And Grapefruit Deep Conditioner,199,1,333,1,333
a6283bba42a859a301a585aef51b634d,Steppings Trendy Boots,877.55,100,332,1,332
a679bd6e1ed06554b42c9d4bc5bf3899,FabHomeDecor Fabric Double Sofa Bed,650,200,331,1,331
a759b8000a294facda1d04947ab918f2,JDX Plain Bed/Sleeping Pillow,9469,30,330,1,330
a79958f9919a771ac3492239f5bd6a7d,Kiara Jewellery Sterling Silver Cubic Zirconia Rhodium Ring,798,10,329,1,329
a7c46941a419145ba0918e3d51647a37,Avsar Sachi Gold Diamond 18 K Ring,250,50,328,1,328
a8793c4e0c15d56aa6c2b450eb61b20a,Karatcraft Donna Gold Diamond 18 K Ring,8984,2000,327,1,327
a87e4b3fb88393662a8a0791c3e472c3,Karatcraft Klytie Gold Diamond 18 K Ring,4083,90,326,1,326
a8d249d05c692a188cf806cada267215,Selfie Boots,695,100,325,1,325
a941f7f0063ba7cbe091adb92d686b24,Kielz Ladies Boots,964,130,324,1,324
a94bd132f669b3269f4f05c92b4ae4aa,BlueStone The Twin Wingflow Yellow Gold Diamond 18 K Ring,399,80,323,1,323
a9914e9c54f2fc517f85b0f336dac0e2,Carrel Printed Women's,5120,1,322,1,322
a9a11235bc36aaaa7514d4297a013f0e,Shilpkala Casual Sleeveless Embellished Women's Top,299,50,321,1,321
a9d05f37e51c91131bec3d5748ac8281,Ozel Studio Casual 3/4 Sleeve Solid Women's Top,4487,50,320,1,320
a9dd5e05eb59a8bd1028935c7880d660,Schwof Casual Full Sleeve Solid Women's Top,5681,25,319,1,319
aa060772738a2840ca5032a7a6a6fe72,Devinez Home Liquid Air Freshener,3627,150,318,1,318
aa505b67ea995b5542b36dfe5ea21dba,Willy Winkies Black Boots,3599,30,317,1,317
aaab156594d989361ac5b0854b21474e,BrandTrendz Loafers,4818,40,316,1,316
aaf8142b46b44a2e7c779b1a67b3d070,Karatcraft Om Gold Diamond 18 K Ring,90,1440,315,1,315
ab83c4c0ee6cf5eb560dd514a0f7a7e8,La Briza Ashley Boots,440,14,314,1,314
abace065acd67001a1b93973eb1155d8,Parron Men's Solid Casual Shirt,8013,5,313,1,313
abdb86a61b9039d0ca381197be6b0fa4,Wrangler Regular Fit Men's Jeans,564.9,10,312,1,312
ac40a2c8c9735eb81452cadf8817ea84,Clara Certified Katela 3.9 cts or 4.25 ratti Stunning Sterling Silver Amethyst Ring,645,250,311,1,311
acea5ac83cb8beca96cf941000e82188,Steppings Trendy Boots,877.55,100,310,1,310
ad65c142f5a904c168dd212ff79569c1,Zastraa Party Full Sleeve Embroidered Women's Top,350,26,309,1,309
ad6b358f9a9be374f4091dc23974d1df,"Knight Ace Kraasa Sports Running Shoes, Cycling Shoes, Walking Shoes",988,60,308,1,308
ad7e4877bb41c3b5d4da76525adea3b8,Foot Candy Women Heels,981,100,307,1,307
ae23a4c6d886fb7f5cb7c8b2a16a9fba,Komnil Solid Women's Polo T-Shirt,6799,40,306,1,306
ae7c097493c5535d565d047bf7d9c150,Steppings Trendy Boots,877.55,14,305,1,305
aedadd43ad4639126d7691dbfe349c76,La Briza Black Boots,6080,200,304,1,304
af00397ebf1878bb916fa80342b741ef,"fastrack 38015PL01 Analog Watch  - For Men, Boys",220,100,303,1,303
af118b38d8eaa37ed8e7afb55220b06c,Calgari Women's Gathered Dress,7902,50,302,1,302
af142ce49da653615a1622bd1a23a32c,612 League Girl's Gathered Dress,8029,240,301,1,301
af90f91a6805ed9a32499bd58b782bc0,Karatcraft Journa Gold Diamond 18 K Ring,310,20,300,1,300
afa2ab59ba473f5ec9a81e6c0e91d407,Steppings Trendy Boots,877.55,1,299,1,299
afa571335b6c87fa64a10688599c8b56,Cation Casual Short Sleeve Solid Women's Top,660,25,298,1,298
b003cffe13c42f1d26d2c688f3b57e69,Bento Musical Teddy Bear,250,30,297,1,297
b02bb2d16adee360778dcda3d8403fc8,Jacques Farel KWD2324 Analog Watch  - For Boys,300,1000,296,1,296
b0e30c328669de2441e19f1ca36c73d7,Myesquire Ceramic Coffee Burner Pot Lemongrass Liquid Air Freshener,396,100,295,1,295
b10d2b592945c260f0d2167213d72282,Salt N Pepper 13-019 Femme Taupe Boots Boots,129,1,294,1,294
b1452c3f6089a7bdb89a65519099c43a,Cation Casual Sleeveless Solid Women's Top,4159,100,293,1,293
b1dc8346424cd367df19cf4ec8826d4e,"Asian Gems & Jewels 5 Dhaatu Metal, Alloy Amethyst Ring",1765,60,292,1,292
b1fed3cdb963fe48885d9540e4c44ed2,Packman 8 x 10 inches Security Bags Without POD Jacket Courier Bag Security Bag,275,5,291,1,291
b21cdbcde7c1714f9275ca989b9e2ee3,Lee Mark Men's Solid Formal Shirt,8167,800,290,1,290
b233e25da549f0ce3aec26c5c1ef00dd,Glacier Running Shoes,3465,10,289,1,289
b2bcd95f9e04cbaf16bd2a2601ebc6b1,Karatcraft Duilla Ruby Gold Diamond 18 K Ring,698,100,288,1,288
b3349ed0fbac2fac6df04557c33d0309,Shilpi NHSCN003 Coin Bank,2560,100,287,1,287
b33b023fc97301fdd31b5d6117f9ae28,Cation Casual 3/4 Sleeve Solid Women's Top,540,1600,286,1,286
b34f2b8674f50e5fca3c220727112317,Fluid DMF-002-GR01 Digital Watch  - For Boys,200,50,285,1,285
b3733d4ef0b9e22af42d2484ec241978,Butterfly Wears Casual Short Sleeve Solid Women's Top,3009,150,284,1,284
b3837602ae47728a93905585c021de39,Furst USB Adapter with Cable For Xp Z5 Battery Charger,230,1,283,1,283
b3c01d50fafff5cb068cf3467092c533,"Aries Gold G 729 S-BK Analog Watch  - For Men, Boys",190,20,282,1,282
b42d0fd1c5b539e7dfd8c7c4cc0ce21c,Karatcraft Citra Engagement Gold Diamond 18 K Ring,544,1,281,1,281
b43fd0ec0d16d719bb5323a7f24aeae0,Ozel Studio Casual Full Sleeve Floral Print Women's Top,7040,3000,280,1,280
b451e69114b0884f5be990aaf4c2dfa9,Myesquire Oval Electric Aroma Lemongrass Liquid Air Freshener,995,50,279,1,279
b4a99c9083e9ee24c456ca61f9a384df,Madcaps C38GR30 Men's Cargos,6400,100,278,1,278
b4acd423015c86d9c8ac9e6a286ba857,reckonon red heart 011 Umbrella,4007,120,277,1,277
b4bf750d319c81f8cac0dd0389c43242,Selfcare Soft & Comfortable Newly Launched Girl's Top,5643,3,276,1,276
b5a0692e0ee40f1bdc539fac3dcf6ff0,Herberto Girl's A-line Dress,90,3,275,1,275
b5aeef4f2189eab3d7f15aa92a6431f7,"Skmei DG0939-Red Sports Digital Watch  - For Men, Boys",4100,50,274,1,274
b5f58ad819ce2cd4b3449f9c87a9aa3c,My Addiction Casual Full Sleeve Embroidered Women's Top,5699,120,273,1,273
b63e13d77d0d841dfcc636c9690931f6,Steppings Wedges Casuals Shoes,70,100,272,1,272
b6c3d9f8f971f11c498426d4ab3d402d,Parron Men's Solid Casual Shirt,8013,3,271,1,271
b6c46fc31974f5931629117233b9ae49,"Mynte Solid Women's Cycling Shorts, Gym Shorts, Swim Shorts",995,14,270,1,270
b6ca906940d4176a319dd4b10fef654a,Momin Libas AK2414 Kashibo Solid Abaya No,1466,200,269,1,269
b6de30a4cbea735fab53c00b2e6a45b1,Dove Hair Therapy Daily Moisture Conditioner,840,1,268,1,268
b772332857d4199f7c46c55a3aa404b4,Nishtaa Yellow Gold 22 K Ring,5349,30,267,1,267
b7e95efc8e1bb5b9075fab600e41fe18,Karatcraft Robini Emerald Gold Diamond 18 K Ring,8516,1,266,1,266
b82ce7b9f6fb28b7a76a606bef32ae9a,Maserati Time R8851116001 Analog Watch  - For Boys,3246,375,265,1,265
b84c2fa58f29e46b95bf590c35b551b3,Tapyti Casual Sleeveless Solid Women's Top,601,300,264,1,264
b8c8bdd442ff9505267545d6ef0f8777,Karatcraft Duma Stackable Gold Diamond 18 K Ring,1663,20,263,1,263
b9ab1d75a57654d51082f13c119e2a02,Nechams Resin Magnetic Magnetic Melamine Small Whiteboards,3400,50,262,1,262
b9afb74c43d2e874a07278f416c03dd5,"SFDS Casual, Formal, Party Sleeveless Self Design Women's Top",695,350,261,1,261
ba21ee7182bbc08eb0a82ae2e363855e,SWAGGA Women Clogs,1499,1,260,1,260
bb65783fd554ee2eac0c53921425e19d,Herberto Girl's A-line Dress,90,1,259,1,259
bb84403f51ca76a7d2914958c2e43a93,BuildTrack PIR Wireless Motion Sensor - One Switch Control Wireless Sensor Security System,595,5,258,1,258
bbb1dfbc2793fd5a6880cde630a3b826,Get Glamr Designer Yuvu Boots,1100,100,257,1,257
bbfcec72873ba51e6072a36ae3fc0409,"SFDS Casual, Formal, Party Short Sleeve Self Design Women's Top",999,100,256,1,256
bc2546f614e11827f78e952ccf35a313,Steppings Trendy Boots,877.55,100,255,1,255
bc4537600c1c0997238b817fb04bcdb4,Fundoo T Full Sleeve Solid Men's Sweatshirt,6049,160,254,1,254
bc5191ff93277f936131d0e1c2965a57,Roadster Casual Short Sleeve Printed Women's Top,240,1,253,1,253
bcf88d5feb60a5151985a2106d7798b0,"Disney DW100230 Digital Watch  - For Boys, Girls",1100,20,252,1,252
bd349d360d407b6f624ddc1744726266,Oye Boy's Dungaree,568,1,251,1,251
bd9f266f97bbe595d2e878b1260fbe63,Escocer Women's Leggings,1619,25,250,1,250
be133611ef2075378c42b676098f2145,Cation Casual Short Sleeve Solid Women's Top,660,16,249,1,249
be762a99c0d21bf511ce57dc2334441b,French Creations Casual Short Sleeve Solid Women's Top,2471,200,248,1,248
beb1562d19fd28b3b0abd1470d9a4730,JQR JQR Sports Shoes Running Shoes,995,650,247,1,247
bed7a26291071d60d8eb5292bedea4f9,Salt N Pepper 14-475 Dorthea Almond Boots Boots,189,1,246,1,246
bee379b18342622ad03df0d3a6b4ff18,"Costa Swiss CS-2001 Analog Watch  - For Boys, Men",2771,200,245,1,245
bf4fbe4bbdaf4af473301d90fb1cc444,"Mynte Solid Women's Cycling Shorts, Gym Shorts, Swim Shorts",995,700,244,1,244
bf86334746d34a577bca2f426258f05c,MASARA Solid Women's Straight Kurta,6479,10,243,1,243
bf981168c0cb5ffd248b717ebbcc08eb,Kiara Jewellery KIR0344 Silver Cubic Zirconia Rhodium Ring,221,20,242,1,242
c025b83c76c26bd20dee38f30bdf8490,Liza Women Wedges,5546,50,241,1,241
c1461cfcce1862b1ebc7ddf7bcd1a66f,Carlton Boots,3107,20,240,1,240
c15458c518d812549b4757d6e9fc0c3b,Himmlisch ST381 Magnetic Sun Shade For Maruti Alto,1169,10,239,1,239
c21a8f611a3f85885265ec4d2fdfc0bf,Vishudh Printed Women's Straight Kurta,489,100,238,1,238
c24df5f0259114f70883e84222ad85fc,Carmity RN-020 Maruti Ciaz Car Grill Cover,699,40,237,1,237
c28221ffec222fb8535cc336087d557c,"Retaaz Casual, Party, Festive Sleeveless Floral Print Women's Top",1299,50,236,1,236
c2a189da473646d57b9fd153aff80ba4,JDX Plain Bed/Sleeping Pillow,9469,100,235,1,235
c2d999a03a1f221f614b580487fda2bb,RoQ Slim Multimedia 105key Flexible Wired USB Flexible Keyboard,8809,100,234,1,234
c2f58bb2772203ca6c4ad28170f93645,612 League Girl's Gathered Dress,8029,20,233,1,233
c32bc849b776acd3f9760ffa85a425a7,AKUP happy-mothers-day Ceramic Mug,255,100,232,1,232
c3bfe4cd73d6508b7df6fd90fa40fc64,Ausy Casual Short Sleeve Floral Print Women's Top,1578,25,231,1,231
c4559b9d96cf4f4b08ed3931a14ab3ac,Nishtaa Yellow Gold 22 K Ring,5349,250,230,1,230
c4c984a37258996341b5a2be82356b90,Shilpkala Casual Sleeveless Printed Women's Top,985,100,229,1,229
c5510c2741b0d365970d3f21e8a88757,The Vanca Formal Sleeveless Printed Women's Top,1590,50,228,1,228
c55d4c86dd30368d01b0684f2f9949c7,Shilpi Casual Cape Sleeve Solid Women's Top,3571,120,227,1,227
c56a382ffa8efba0f541ba6d21423fe3,Allen Solly Girl's Gathered Dress,4703,25,226,1,226
c6244aea0dd7013eaa47bf5d48bc3a07,Mast & Harbour Gold Synthetic  Clutch,7299,3,225,1,225
c68c5805c39b86bdde1a3ed72c742810,Modo Vivendi Casual Sleeveless Solid Women's Top,949,25,224,1,224
c6ae9c645faa8e24421f95970876a18f,Tapyti Casual Sleeveless Solid Women's Top,601,5,223,1,223
c6aedc6b8c9e561bc61a6fe90771099e,Discountgod Men's Checkered Casual Shirt,1990,1,222,1,222
c6b60b049a38e8e589200d5805fa4ba8,612 League Girl's Gathered Dress,8029,1,221,1,221
c719f1d21e236c841df47fdd8062c03e,MSL Women Flats,629,10,220,1,220
c73a54f7fc2f58ddeee855e6f97d11a9,"Mynte Solid Women's Cycling Shorts, Gym Shorts, Swim Shorts",995,100,219,1,219
c7c670abd2afecda6c2556243da4d7c2,AKUP be-urr-own-hero 1 Ceramic Mug,2708,1,218,1,218
c84afc727d36d66b7980605292c1d1d9,"Asian Gems & Jewels 5 Dhaatu Metal, Alloy Opal Ring",99,50,217,1,217
c88190bc35017032a9e4f3a6b16a5a68,Absurd Full Sleeve Solid Men's Reversible Sweatshirt,2023.12,25,216,1,216
c889e2dcdbe26b4e42afc0691e654a76,CaratLane Swish Ray White Gold Diamond 18 K Ring,250,350,215,1,215
c8b87922a749881cae7ba0d3c523e202,La Briza Mile Boots,89,1,214,1,214
c91057fa122c9a43869d4874e652b851,Stilestreet Casual Short Sleeve Solid Women's Top,863,100,213,1,213
c9cf234ffd46cfb29de6b7e73855205c,Asics Gel-Cumulus 17 Running Shoes,9619,100,212,1,212
c9d5f1c8869579e40346c86b9fbcd9b5,WearYourShine by PCJ The Skyrah Gold Diamond 18 K Ring,5814,100,211,1,211
c9de3056ddb16299f0ac6ea71a1457bd,CatBird Boots,7804,2,210,1,210
ca43417843edcc0db75b1d44fa4e87bd,Gee & Bee Casual Printed Women's Kurti,7299,25,209,1,209
ca63c60f53569ab97697a3b585981e43,Fundoo T Full Sleeve Solid Men's Sweatshirt,6049,2,208,1,208
ca83bc1d870ca158fcaae0ff75fc3f7e,Steppings Trendy Boots,877.55,50,207,1,207
cb13d6ddf4829381e85b4b08bde3d857,Sisel Printed Poly Cotton Women's Stole,7849,400,206,1,206
cb1a41923bbc34b58dee36de73f4003f,Vishudh Printed Women's Straight Kurta,489,11,205,1,205
cbceaa17c433c11fe6f98aa15d197496,Rialto Boots,749,10,204,1,204
cc05cf2e7f8940d3da6da40c1bafaf78,Taj Pearl Alloy Cuff,699,30,203,1,203
cc3fd0bc268cf2618bb27ba8ed9b89f9,Magnum Footwear Lifestyle Boots,930,10,202,1,202
cc5032c4e6ee392fd67040f3a8cad996,Colors Couture Casual Short Sleeve Printed Women's Top,749,25,201,1,201
cc6f7df24aacb6d1e65c2ea9edd543eb,WearYourShine by PCJ The Adriyel Gold Diamond 18 K Ring,374,150,200,1,200
cca0d711ca8f2ed643846b2f32e6bf59,Nishtaa Yellow Gold 22 K Ring,5349,1000,199,1,199
cca0eda7285e1285361fc47963a7a4ca,TeeMoods Casual Full Sleeve Striped Women's Top,8599,200,198,1,198
ccb8ec87b6b587d537e898359a6d29bb,United Colors of Benetton Solid Round Neck Casual Women's Sweater,444,1,197,1,197
ccdb5975fdd8c56b3ae10d0c16588cd8,TEN TEN Women's Black Knee Length Boots Boots,1317,20,196,1,196
cd27db9dae6e50a40d41d4fd07ff37eb,Foot Candy Women Heels,981,100,195,1,195
cdfe93110f1eda890b1a70791c23fa23,Babeezworld Dungaree Baby Boy's  Combo,2000,2,194,1,194
ce56756a6b3ac8f094789fca57409fe4,Kielz Ladies Boots,964,200,193,1,193
ce809bcb6b2ba579a0123377f14484d8,Navaksha Necktie Men's  Combo,999,100,192,1,192
cebbfc753ea2f82a8bdb6cb68aadc33b,Riva Carpets Cotton Free Bath Mat Classic Shag Bathmat-RI-04,350,50,191,1,191
cf34014b37f0a850ccf951897ba73d6f,"Rockstar R_056 Chrono Analog Watch  - For Men, Boys",7772,1,190,1,190
cf9cff79fc4dd923c52a7c5f4844e283,BlueStone The Sestet Yellow Gold Diamond 14 K Ring,598,5,189,1,189
cfa1d7114673df13b2cef749784b680a,Betty Girl's Maxi Dress,8139,100,188,1,188
d0bc5cf51f464db745225b2d8d02d122,Shilpkala Casual Bell Sleeve Printed Women's Top,350,200,187,1,187
d0f97b9bb7fb240d089b5c36c175e26b,AKUP love-music Ceramic Mug,4440,100,186,1,186
d113c1bd7de7b3446377435612e1149d,AKUP because-i-have-a-brother Ceramic Mug,4627,130,185,1,185
d1334fed7bb9fa6a242eac1014e53e4e,Allen Solly Girl's Gathered Dress,4703,100,184,1,184
d218c57b9b3e0a142a1504f211bf7a35,Van Heusen Men's Printed Party Shirt,249,350,183,1,183
d247f08788ef21be29a0f1680fdb90ee,Parron Men's Solid Casual Shirt,8013,500,182,1,182
d27b5a252e2898e7a57e291a1c05c8b3,Kiara Jewellery Sterling Silver Cubic Zirconia Rhodium Ring,798,25,181,1,181
d30fa50c4437b03c532f6427bcbaa7c0,FabAlley Casual Sleeveless Solid Women's Top,795,300,180,1,180
d3c0f7af9c9523677a10f7500058c40b,Claude Lorrain Black Casuals Shoes,340,100,179,1,179
d3dc01d74b62d77e553446bb45940f87,dongli Printed Boy's Round Neck T-Shirt,207,30,178,1,178
d4442b02b8717c0e6c1868bc4a96c9c4,Kiara Jewellery Sterling Silver Cubic Zirconia Rhodium Ring,798,50,177,1,177
d449eb376a1b6997c64f90e5e903d0c8,Kids On Board Girl's Gathered Dress,3279,100,176,1,176
d46149561c5737785fb27d777e305aac,Cation Casual 3/4 Sleeve Solid Women's Top,540,1,175,1,175
d4bd0cf36227d403a774862b3ffe4668,V4STYLES Loafers,389,300,174,1,174
d4d346eb9b2fa025c75a172b5f61adbb,"BlueStone The Rajeshwari White Gold Diamond, Emerald, Ruby 18 K Ring",610,500,173,1,173
d518daf98ab18d963364272d1e8f1120,Roxy Boots,539,1000,172,1,172
d519ec65458739eee73409ead133ae7f,SPECIES Striped Round Neck Women's Sweater,4189,10,171,1,171
d5717419d8de6922345010f24d8f1d66,Kiara Jewellery Sterling Silver Cubic Zirconia Rhodium Ring,798,200,170,1,170
d5fc7c3875b3226f083be315875084c1,Wrangler Skanders Fit Men's Jeans,1609,20,169,1,169
d6aa4db09f1c01281b735091a66d2bd2,Herberto Girl's A-line Dress,90,25,168,1,168
d72e2d1ec645f5aac4d9bb20795516d6,Fashion Tree Men's Solid Formal Shirt,595,50,167,1,167
d74c01a1611dc9ef4a4e5472d9168731,Next Steps Striped Round Neck Casual Boy's Sweater,518,150,166,1,166
d75e786f41cc100b91c10c4b914b2701,The Vanca Formal Full Sleeve Self Design Women's Top,379,50,165,1,165
d7b63f3da269fa5a30d80c1d32596418,Life by Shoppers Stop Women's Gathered Dress,590,200,164,1,164
d7e8760d99d72d61f37ff5cb830385ab,Kaaryah Formal Short Sleeve Solid Women's Top,200,25,163,1,163
d7f0ca5abde542b35b5a0dfccdfa0484,Steppings Trendy Boots,877.55,20,162,1,162
d7fd3b8624d5c1c0d4a5d6c74dc202e9,Karatcraft Clariz Gold Diamond 18 K Ring,4768,1500,161,1,161
d8a8f030504ac21227f6c142119ea938,Serebroarts Iron Decorative Platter,1796,10,160,1,160
d8dea7ecce74c4a89351da141583364d,Betty Girl's Maxi Dress,8139,300,159,1,159
d918d0f7ea22a9af5ae9985de0de90ff,Pulpypapaya Self Design Women's Round Neck T-Shirt,595,10,158,1,158
d9283580f997467b62e097ac25124c1c,Furst USB Adapter with Cable For One Dual Sim Battery Charger,649,200,157,1,157
d95119fcbf6ba0670ebee052d14d28c8,Wise Guys Pouch for Lenovo S880,4535,100,156,1,156
d9a7a2dcb7a8ea8bad7e2d3457522ab9,Ozel Studio Casual Full Sleeve Solid Women's Top,275,20,155,1,155
d9b32bde729f7994e5dd62a3c9a724ea,Selfie Boots,695,200,154,1,154
da3be13c908429dcabd03b8862fb7b23,Swag 670038 Analog Watch  - For Boys,265,50,153,1,153
dac0f2b553ced8f05ab6e13d39c75c97,Asics Gel-Kayano 22 Running Shoes,94.05,278,152,1,152
dae86828db7794d76748f7f7f0188772,"SFDS Casual, Formal, Party Short Sleeve Self Design Women's Top",999,10,151,1,151
daf2bfc8a759969b9f8d49a006965c3d,Bostan Running Shoes,667,200,150,1,150
db5ea40aaca8ac947ba33260d49bd21b,"Mom and Kid Baby Girl's Printed Blue, Grey Top & Pyjama Set",750,25,149,1,149
db72286738448eabc6a21eeaa59662a8,Cation Casual Short Sleeve Solid Women's Top,660,25,148,1,148
db8ab7959a343bc9a375cfd74bc942ec,Zoe Marciano Blue Heavy-duty satin wong fabric  Clutch,207,20,147,1,147
db8c2d3105f1324f561b768285791324,Bonzer Bellies,5149,10,146,1,146
dba702500bfca5cfbe10c088794a3d17,Peppermint Blues Casual Sleeveless Printed Women's Top,2667,30,145,1,145
dbb4539758e935aaef8c858054c1e0fa,"Disney 98189 Analog Watch  - For Boys, Girls",161,1,144,1,144
dbd9b26d25daaffd8ce1be94adba3b0b,Tapyti Casual Sleeveless Solid Women's Top,601,3,143,1,143
dcb0a58081834d8adc4615ba86f5d4ab,Furst USB Adapter with Cable For Dzire SV Battery Charger,5915,100,142,1,142
dccde2a1626a7b4a1ea68749f4915b24,PrettyPataka Party Full Sleeve Woven Women's Top,450,400,141,1,141
dd9eb6e1199b2462ba96a9b8f6e24828,Bellafoz Women Heels,695,5,140,1,140
ddb01f73b53ea264c0a9fcc31b1dbd72,Alisha Solid Women's Cycling Shorts,799,100,139,1,139
ddc4221fa464b2a0f860b9b16f6cc4cf,Jack klein BlackLed Digital Watch  - For Boys,3087,2,138,1,138
ddfa6e7e3e95612b39cb8b637d0f69a6,NE Regular Fit Men's Jeans,1499,1,137,1,137
ddfab44c1ac6b0b609bc1d13082408a6,Nishtaa Yellow Gold 22 K Ring,5349,10,136,1,136
de7dd9d2a9d5985b67b47620171cfd1e,"Franck Bella FB74C Analog Watch  - For Boys, Men",1000,50,135,1,135
deb1658d991b425650af5953e1a544dd,Glus Wedding Lingerie Set,179,1000,134,1,134
dee8b7ffb647c1f02c171578f931c615,Anaya Women Heels,3949,5,133,1,133
df031a17bd3c7742c806cf491b8dd9d2,"Cartier W6701005 Analog Watch  - For Boys, Men",2699,5,132,1,132
df1751dccdb1a44fa6dba792c38e28b9,Nishtaa Yellow Gold 22 K Ring,5349,100,131,1,131
df76b3e4b42f6c5cc987521c02eed438,Hichkii Casual Cape Sleeve Embroidered Women's Top,219,50,130,1,130
dfaa7b5ae6027134dfe90eaeb9be61a7,Alisha Solid Women's Cycling Shorts,799,10,129,1,129
dfb4115bf072952d9996620b0b256f74,Karatcraft Wadell Gold Diamond 18 K Ring,2400,2,128,1,128
dfb803f526473074012a285630de2b7e,Shopmania Music Band A5 Notebook Spiral Bound,5036,3000,127,1,127
e083d59f4b49a9bf2a10790750852564,"Rich Club Apple Shaped LED Digital Watch  - For Boys, Girls",8960,400,126,1,126
e0ecfb1ab2a0a678d19632ebd083039b,BlueStone The Ciara for her Yellow Gold Diamond 18 K Ring,850,800,125,1,125
e1061aa239a37d6233a24f6b286cbfb7,"Vizion 8502-4BLUE Sports Series Digital Watch  - For Boys, Girls",400,1,124,1,124
e1109acbf4bce52810838ddf7da63916,G-Luck Gomed Stone Weight - 12.3 Carat / 14.47 Ratti Silver Garnet Ring,760,40,123,1,123
e1195ccddae493f6fe00275363964a57,Hariom Enterprises Polypropylene Stick Folders,240,278,122,1,122
e13fa57dc084742512c861225f8015ad,Selfcare Soft & Comfortable Newly Launched Girl's Top - Pyjama Set,5548,200,121,1,121
e14437bcbc4db70daaedf75d25888a58,"Skmei 1070BLK Sports Analog-Digital Watch  - For Men, Boys",946.15,3,120,1,120
e19db035f5707e474eae1c7e3f62cf22,Carlton London Boots,897,500,119,1,119
e1acf255ef1de012051d6e3c1f4111bb,"Asian Aura Electric Burner Rose, Vanilla Liquid Air Freshener",498,1,118,1,118
e20e9be095c07c73820261b51b60d16e,TeeMoods Casual Full Sleeve Striped Women's Top,8599,400,117,1,117
e24b74d90f445a690dfde70b77d7d553,"@499 Casual, Festive, Formal, Lounge Wear, Party Sleeveless Embellished Women's Top",1999,100,116,1,116
e265db6e063cccbb5e5d21ddf221c6ac,Karatcraft Triniya Promise Gold Diamond 18 K Ring,7778,312,115,1,115
e2a7704bc3b2b2fa0aeb160601c71027,American Crew Solid Women's Track Pants,4800,120,114,1,114
e2a9df18e71cc558bc160e9297f1b067,The Vanca Casual 3/4 Sleeve Polka Print Women's Top,2500,25,113,1,113
e2d0f45928193507b7ec8e1caa705eb2,Paprika Party Sleeveless Solid Women's Top,475,50,112,1,112
e2efecc481df91039120e553ca5153e3,Urban Fashion Bank Casual 3/4 Sleeve Solid Women's Top,160,1000,111,1,111
e307c23000292c2f7e411b2711ef25b7,"Jack Klein Goldjack Analog Watch  - For Boys, Men",1228,2000,110,1,110
e32c71b3c90f4267aa1f425b05216d13,Kiara Jewellery Sterling Silver Cubic Zirconia Rhodium Ring,798,2,109,1,109
e3d4bfad7abd31e1c8e517f2696c7bbc,Salt N Pepper 12-298 Taupe Boots,249,450,108,1,108
e3d5ff38bae262251932ca6be71ac22c,Nineteen Casual Bell Sleeve Solid Women's Top,795,20,107,1,107
e3e10d798259d9747af6ca1a26ba08eb,Uptownie Lite Party Short Sleeve Floral Print Women's Top,3819,100,106,1,106
e3f816d31a86869fc257a823afff16c1,Gritstones Solid Women's Track Pants,8960,10,105,1,105
e420b9c64f8e7fc77960a4b2f34c8a7e,"Turbo MSE TEST LITE Batting Gloves (Men, White, Orange)",695,25,104,1,104
e47e3364d135a4218996557eb4d09f80,Shilpkala Casual Cape Sleeve Printed Women's Top,3914,1,103,1,103
e4eab66163349aab887aa2bf32af2c83,Indian Gems And Jewells Certified 2 Cts Sterling Silver Ruby Ring,977,5,102,1,102
e526cad85fd11be122b61ef7a3c472ee,Noor Embroidered Women's Straight Kurta,270,50,101,1,101
e582319ab1c20504e90f5a9415998fea,KalaBhawan Stair Sculpture Showpiece  -  39 cm,3219,1,100,1,100
e5b67f1fb3a4059a00b9b79cd3e2a451,For Kids Girl's A-line Dress,7358,400,99,1,99
e5c8d2b92b5e37e0413f4b3f5adf0414,AKUP i-love-dubstep Ceramic Mug,795,100,98,1,98
e5f59d88afe0cf44f3476890e99cbb5f,Rialto Boots,749,50,97,1,97
e607a1b2c3e6e4ac685c5d63132c4fb7,"Soie Casual, Festive, Formal, Lounge Wear, Party Sleeveless Solid Women's Top",350,2000,96,1,96
e61712f19e2907f05bb18ee3ef010b95,Get Glamr Dazzle Boots,5275,2000,95,1,95
e62ddf6eed13c162ade41411cc2eaa61,Dressberry Black Synthetic  Clutch,8664,10,94,1,94
e6a6cfd576ad0cf7dd926c52b42e83c2,Navaksha Necktie Men's  Combo,999,100,93,1,93
e6c7e9fc297e1d4c23f1ba8e95cfe876,Magnum Footwear Lifestyle,7299,3,92,1,92
e7367e724b6308a14f539ca82b24ea57,TeeMoods Casual Full Sleeve Striped Women's Top,8599,120,91,1,91
e7ddc8be1bac2d440e7b48eea054fb4e,Ladela Bellies,4199,1,90,1,90
e800a2c3ce08d44823313116a1f64b75,"Asian Gems & Jewels 5 Dhaatu Metal, Alloy Zircon Ring",350,1,89,1,89
e85502e28ebe5fb6d181aa3b9b90dbd5,AKUP league-of-legends Ceramic Mug,3100,25,88,1,88
e864f9a51e9903289d7e69c19036809d,DailyObjects Back Cover for iPad Mini/Retina Display,430,300,87,1,87
e899a6c017143d9b25b834146901853d,Kiara Jewellery Sterling Silver Swarovski Crystal Yellow Gold Ring,798,100,86,1,86
e8d1fd86b5e3f4d05f969a1e8a3bb27c,American-Elm Solid Men's Waistcoat,479,200,85,1,85
e92b2e94cce7fe4547bb66553be83f86,Nine Maternity Wear Women's Fit and Flare Dress,6971,20,84,1,84
e9500714cc76029ef6c9b8a4b1c9e21f,AKUP i-love-my-mom Ceramic Mug,170,1,83,1,83
e961b888041754fd66e97712748c0690,MERIL Casual Full Sleeve Printed Women's Top,794,50,82,1,82
e9d1e5fcda60ef4ba693a1d409470597,Kaaryah Casual 3/4 Sleeve Printed Women's Top,8179,600,81,1,81
ea18b9356d6e8c6f367a99e3fc89d0dd,Shilpkala Casual Sleeveless Printed Women's Top,985,30,80,1,80
ea6e4a3e6e7c3ba73e3de194be1ae580,ABHIRA Girl's A-line Dress,1073,270,79,1,79
eaa528c7a23986be1284e259aac65c97,Alibi Casual Short Sleeve Solid Women's Top,995,100,78,1,78
eaf6abaeb3fac85b42dc67792293d21b,Kundali Pukhraj Stone Weight - 3.8 Carat / 4.47 Ratti Gold Sapphire 18 K Ring,2471,5,77,1,77
eb0fae6572ea6bd0aa097f589cf35517,Belle Gambe Boots,6794,400,76,1,76
eb111f8f257ccf99cab7dcc3a659a4c8,Goddess Women Casual 3/4 Sleeve Solid Women's Top,3920,100,75,1,75
eb49cc038190f6f03c272f79fbbce894,Alisha Solid Women's Cycling Shorts,799,2,74,1,74
ebbcf8e49bffd088ef701a0c79939ab8,Lyc White Casual Boots,1067,2,73,1,73
ebf4c120ebb99e145f253bb90b063903,Cation Casual 3/4 Sleeve Solid Women's Top,540,10,72,1,72
ec27351783b6d42450d27d38caa6015a,Allen Solly Girl's Shift Dress,299,100,71,1,71
ec66daf70978aee3cc67000a97de9af5,FabAlley Casual Short Sleeve Solid Women's Top,701,300,70,1,70
ec7cd2f3af2560d49076bf64694a789a,"Camerii WM64 Elegance Analog Watch  - For Men, Boys",349,24,69,1,69
ed7b16d4163b5770fcfeaf0b71481a64,Kidzblush Girl's A-line Dress,798,200,68,1,68
ede1d69729b6892c255441979c424e0c,Vastra Valley Girl's A-line Dress,534,550,67,1,67
ee083c04f58de20c4acdd2470a115dc7,Yepme Women's Gathered Dress,728.98,50,66,1,66
ee2783e0e8ecee67f52928eb81bf49fe,"BlueStone The Beatrice White Gold Diamond, Pearl 14 K Ring",199,32,65,1,65
ee82345dc9face36dab993451c1c1cc3,Zed Loafers,743,3,64,1,64
ee92b483bc9b000448d84145b92cd089,"Franck Bella FB123D Analog Watch  - For Men, Boys",3049,20,63,1,63
eea0ae0d576781ef1bcb1042e2f693fb,Shilpkala Casual Sleeveless Printed Women's Top,985,10,62,1,62
eec21439297253bf4d4e90b9147a5da2,Eccellente Solid Hip Hop Cap,3431.44,20,61,1,61
ef29486f9536a78dd8e6aa09a9c82c90,Skayvon SUMMERSIBLE SINGLE PHASE PUMP CONTROLLER Wired Sensor Security System,749,400,60,1,60
ef353ab5208bdc4f60910a94d346a2ec,"Franck Bella FB0128B Analog Watch  - For Men, Boys",1689,1000,59,1,59
ef59dde91b78e9c0bf24609be6e6ca4e,Newworld RTNE Pack Of One -446 Tempered Glass for Intex Aqua Sense,7683,10,58,1,58
ef5e6e486611a5a7cea7edbb750e394f,"KuberBox Ravishing Ring White Gold Diamond, Topaz 14K White Gold 14 K Ring",559,100,57,1,57
efaf56ef74edd82bba3d0c0aca180f98,Belle Gambe Boots,6794,100,56,1,56
efd50de1bb1576281f600941145ece8c,AKUP happy-new-year-love- Ceramic Mug,200,10,55,1,55
eff39766ac7d681c78e83a9eca202291,"Colat COLAT_MW20 Sheen Analog Watch  - For Men, Women, Boys, Girls",286,1,54,1,54
f02499accf2c8869284babe8b4e70833,Gee & Bee Casual Printed Women's Kurti,7299,700,53,1,53
f024b531e54595a882f8500a39f5a4fa,Cellbazaar Blackberry 8520 WHITE LCD LCD,249,30,52,1,52
f1046361c5b860418950428671fb280a,Vishudh Printed Women's Straight Kurta,489,2,51,1,51
f1f4ca6902eccb371a489950cce4abef,"Q&Q LLA2-213 Digital Watch  - For Boys, Girls",4219,10,50,1,50
f1fad654a6bf9b4f53f9a32652b22d61,Kaaryah Formal Sleeveless Solid Women's Top,600,278,49,1,49
f26d53f8d667ca57d851884a4dada46a,Roadster Men's Zipper Solid Cardigan,9469,300,48,1,48
f26ede2b7798c0e4d365db1a21e02c00,Furst USB Adapter with Cable For Lnvo Vibe P1M Battery Charger,329,160,47,1,47
f27abd2dff975403fb36f39e51ab95ef,Bellafoz Women Heels,695,5,46,1,46
f2c8eec59bc2922b97d19f13168be0da,Navaksha Necktie Men's  Combo,999,50,45,1,45
f2f6a0213ffa6e5e678b644d09fedaa6,Karatcraft Celebra Gold Diamond 18 K Ring,2709,10,44,1,44
f2f7ef036b117775a19a3e742749179e,Fantasy Ika Casual Short Sleeve Solid Women's Top,769,50,43,1,43
f30fe8fca3cb016c0bbee5e1ac49f611,Indistar Self Design Viscose Women's Stole,7924,10,42,1,42
f331ea5b46fa031ddde5965bf8d5d5c4,Karatcraft Journa Gold Diamond 18 K Ring,310,5,41,1,41
f353c9589bb64bab9fee08c2de5fb5cf,Myesquire Oval Electric Aroma Lemongrass Liquid Air Freshener,995,3,40,1,40
f3c89c6147f2fc4268816a652d09cd8e,"Asian Gems & Jewels 5.25 Ratti 5 Dhaatu Sterling Silver, Metal, Alloy Coral Ring",4073,10,39,1,39
f3cf7b7a920ab8f4fd8e330b50bb1e80,G-Luck Silver Turquoise NA K Ring,660,200,38,1,38
f3ff23ccbc1ff4c06a4d44dfa1f1d21d,Herberto Girl's High Low Dress,298,25,37,1,37
f40c6cc70ad5e9fa1476684b28a9631c,Anand Archies Boots,9846,50,36,1,36
f45f18528e3da1f2d358ccf0a02337f3,Klick2Style Casual Sleeveless Solid Women's Top,299,400,35,1,35
f49b88eb34d63aab63f30441d2d0fe4c,WearYourShine by PCJ The Joe Gold Diamond 18 K Ring,3840,10,34,1,34
f4aed11ebce2bb3e7d16e24cf796e9cf,Xpert Schoolboys Blk Lace Up Shoes,2210,5,33,1,33
f4ef1df95932ee855d7a0b5c72c00357,JQR JQR Sports Shoes Running Shoes,995,50,32,1,32
f5b5cd0174f6869c4f8c041bfab82ef5,"Vizion 8502-6BLACK Sports Series Digital Watch  - For Boys, Girls",255,50,31,1,31
f5ec9e8514678a7b825013ba12f67317,OM SHIVAKRITI Square wall Clock Showpiece  -  38.1 cm,574,50,30,1,30
f5ef9c37a8a5722cf502db53e3aa4cc4,Karatcraft Robini Emerald Gold Diamond 18 K Ring,8516,130,29,1,29
f695a737f9f40b4bd6a202b16e9c2a08,Herberto Girl's High Low Dress,298,1,28,1,28
f6ef796c49ef2f45e5d6e958f367c6d2,TeeMoods Casual Short Sleeve Solid Women's Top,475,50,27,1,27
f71238e22671263dc6b6289c0b516fd6,Dressberry Gold Synthetic  Clutch,875,1600,26,1,26
f793352838ba0bc1c9f60c9ad3a59a4f,Pinza Blue Cowboy Boots,4170,3,25,1,25
f82f43156585dd58c8e9f41b5b857f48,TeeMoods Casual Full Sleeve Striped Women's Top,8599,100,24,1,24
f85381e684800b838b51bddb6f841210,Nishtaa Yellow Gold 22 K Ring,5349,1,23,1,23
f89b246d4e27c11623dbc7742523f319,Eternal Gandhi Super Series Crystal Paper Weights  with Silver Finish,5344,1,22,1,22
f8a030923ea8e1bceb845b5f5aa4e531,Alisha Solid Women's Cycling Shorts,799,20,21,1,21
f9716c488070dee4461a9612a74f9565,Nishtaa Yellow Gold 22 K Ring,5349,20,20,1,20
f98ee96663f7d696f3f306ea942beb56,Navaksha Necktie Men's  Combo,999,30,19,1,19
fa1a5db807e894ec8659c74918e9c701,Get Glamr Designer Uggy Boots,799,100,18,1,18
fa3fe5debe96b419986d0b1de17cf026,Soie Casual Sleeveless Solid Women's Top,457,200,17,1,17
fa9a8630048d4cc445ac3e085fa7dfdc,Abr Casual Shoes,918,1,16,1,16
faf9a398f03c7cd06b787162b2ef30de,Eurospa Cotton Terry Face Towel Set,6327,40,15,1,15
fc4d5d08dcad5e10f3408e89990065a0,"dilli bazaaar Bellies, Corporate Casuals, Casuals",660,1,14,1,14
fca756b694cab7682d122850a806e18d,Steppings Trendy Boots,877.55,2000,13,1,13
fcb353d7f41aecd222cecc09c5f3ffed,Alibi Casual Sleeveless Solid Women's Top,2944,10,12,1,12
fcc23d90f633a096a00c69b326024d6a,Tapyti Casual Short Sleeve Solid Women's Top,999,15,11,1,11
fd2001bdfd17478234a05fcb09230afc,ROSEMOORE Home Gel Air Freshener,5982,150,10,1,10
fd23de8ec59554939c0a24db258d55ea,Myesquire Ceramic Burner Pot Lemongrass Liquid Air Freshener,1590,200,9,1,9
fd2469b007636394888b61e56a5bb5bc,"Asian Gems & Jewels 5 Dhaatu Metal, Alloy Opal Ring",99,70,8,1,8
fd4725ad024ca0e75d0f26293a6d1322,Wowww Casual Short Sleeve Solid Women's Top,499,200,7,1,7
fd85bab4a21cd1c77ee8fd8c1fad6fb7,Remson India Boots,2500,100,6,1,6
fdfba7639cf31a354b927b2207bc2de0,Karatcraft Raciel Gold Diamond 18 K Ring,70,10,5,1,5
fea8b5aad7485621eaf23aad47fdd261,Myra Comfortable Boots,300,350,4,1,4
feb41a78b287869c93bbba5f5e20f1bb,First Choice Cotton Embroidered Diwan Set,700,100,3,1,3
feded6d7c64d50eee86c3ed7c53dc76d,BrandTrendz Bellies,3931,300,2,1,2
ffd335acdcbdccc72fdd7ac4ada79027,Steppings Trendy Boots,877.55,5,1,1,1
